merchant_id,merchant_name,category
MCH-0001,Toko Lancar 0,F&B
MCH-0002,Toko Jaya 1,F&B
MCH-0003,Toko Lancar 2,F&B
MCH-0004,Toko Maju 3,F&B
MCH-0005,Toko Berkah 4,F&B
MCH-0006,Toko Jaya 5,F&B
MCH-0007,Toko Maju 6,Retail
MCH-0008,Toko Maju 7,Retail
MCH-0009,Toko Berkah 8,Retail
MCH-0010,Toko Maju 9,Transportation
MCH-0011,Toko Lancar 10,Retail
MCH-0012,Toko Berkah 11,F&B
MCH-0013,Toko Berkah 12,nan
MCH-0014,Toko Maju 13,Transportation
MCH-0015,Toko Berkah 14,Retail
MCH-0016,Toko Berkah 15,nan
MCH-0017,Toko Jaya 16,Transportation
MCH-0018,Toko Maju 17,Retail
MCH-0019,Toko Berkah 18,Retail
MCH-0020,Toko Lancar 19,F&B
MCH-0021,Toko Lancar 20,F&B
MCH-0022,Toko Jaya 21,F&B
MCH-0023,Toko Lancar 22,nan
MCH-0024,Toko Makmur 23,Retail
MCH-0025,Toko Jaya 24,Digital Goods
MCH-0026,Toko Maju 25,Digital Goods
MCH-0027,Toko Makmur 26,F&B
MCH-0028,Toko Berkah 27,F&B
MCH-0029,Toko Berkah 28,F&B
MCH-0030,Toko Makmur 29,F&B
MCH-0031,Toko Makmur 30,F&B
MCH-0032,Toko Lancar 31,F&B
MCH-0033,Toko Jaya 32,Retail
MCH-0034,Toko Jaya 33,Transportation
MCH-0035,Toko Makmur 34,F&B
MCH-0036,Toko Lancar 35,F&B
MCH-0037,Toko Lancar 36,Retail
MCH-0038,Toko Makmur 37,F&B
MCH-0039,Toko Makmur 38,nan
MCH-0040,Toko Maju 39,Digital Goods
MCH-0041,Toko Makmur 40,Retail
MCH-0042,Toko Maju 41,Retail
MCH-0043,Toko Jaya 42,Retail
MCH-0044,Toko Jaya 43,Transportation
MCH-0045,Toko Maju 44,Digital Goods
MCH-0046,Toko Makmur 45,Retail
MCH-0047,Toko Berkah 46,F&B
MCH-0048,Toko Berkah 47,Retail
MCH-0049,Toko Berkah 48,Retail
MCH-0050,Toko Berkah 49,F&B
MCH-0051,Toko Jaya 50,Digital Goods
MCH-0052,Toko Lancar 51,Retail
MCH-0053,Toko Makmur 52,Retail
MCH-0054,Toko Berkah 53,F&B
MCH-0055,Toko Lancar 54,nan
MCH-0056,Toko Makmur 55,Retail
MCH-0057,Toko Jaya 56,F&B
MCH-0058,Toko Berkah 57,Retail
MCH-0059,Toko Maju 58,F&B
MCH-0060,Toko Maju 59,Retail
MCH-0061,Toko Jaya 60,Transportation
MCH-0062,Toko Jaya 61,F&B
MCH-0063,Toko Jaya 62,F&B
MCH-0064,Toko Lancar 63,F&B
MCH-0065,Toko Jaya 64,F&B
MCH-0066,Toko Makmur 65,F&B
MCH-0067,Toko Makmur 66,Retail
MCH-0068,Toko Jaya 67,F&B
MCH-0069,Toko Maju 68,Retail
MCH-0070,Toko Makmur 69,Retail
MCH-0071,Toko Berkah 70,F&B
MCH-0072,Toko Makmur 71,Retail
MCH-0073,Toko Berkah 72,Digital Goods
MCH-0074,Toko Makmur 73,Digital Goods
MCH-0075,Toko Maju 74,Transportation
MCH-0076,Toko Berkah 75,Retail
MCH-0077,Toko Berkah 76,F&B
MCH-0078,Toko Maju 77,F&B
MCH-0079,Toko Jaya 78,Digital Goods
MCH-0080,Toko Lancar 79,Retail
MCH-0081,Toko Lancar 80,Retail
MCH-0082,Toko Lancar 81,Retail
MCH-0083,Toko Berkah 82,Digital Goods
MCH-0084,Toko Lancar 83,F&B
MCH-0085,Toko Maju 84,F&B
MCH-0086,Toko Berkah 85,Retail
MCH-0087,Toko Lancar 86,F&B
MCH-0088,Toko Jaya 87,Retail
MCH-0089,Toko Lancar 88,Digital Goods
MCH-0090,Toko Jaya 89,F&B
MCH-0091,Toko Makmur 90,Retail
MCH-0092,Toko Makmur 91,Retail
MCH-0093,Toko Makmur 92,Transportation
MCH-0094,Toko Jaya 93,Digital Goods
MCH-0095,Toko Berkah 94,F&B
MCH-0096,Toko Jaya 95,Retail
MCH-0097,Toko Maju 96,Digital Goods
MCH-0098,Toko Makmur 97,F&B
MCH-0099,Toko Jaya 98,Digital Goods
MCH-0100,Toko Makmur 99,F&B
MCH-0101,Toko Makmur 100,Retail
MCH-0102,Toko Makmur 101,F&B
MCH-0103,Toko Jaya 102,F&B
MCH-0104,Toko Jaya 103,F&B
MCH-0105,Toko Maju 104,F&B
MCH-0106,Toko Jaya 105,F&B
MCH-0107,Toko Berkah 106,Retail
MCH-0108,Toko Lancar 107,F&B
MCH-0109,Toko Makmur 108,F&B
MCH-0110,Toko Jaya 109,F&B
MCH-0111,Toko Lancar 110,Retail
MCH-0112,Toko Jaya 111,F&B
MCH-0113,Toko Makmur 112,Retail
MCH-0114,Toko Jaya 113,Retail
MCH-0115,Toko Maju 114,Retail
MCH-0116,Toko Jaya 115,F&B
MCH-0117,Toko Berkah 116,F&B
MCH-0118,Toko Jaya 117,Digital Goods
MCH-0119,Toko Maju 118,F&B
MCH-0120,Toko Lancar 119,Digital Goods
MCH-0121,Toko Jaya 120,Retail
MCH-0122,Toko Maju 121,F&B
MCH-0123,Toko Makmur 122,Retail
MCH-0124,Toko Jaya 123,F&B
MCH-0125,Toko Makmur 124,Transportation
MCH-0126,Toko Jaya 125,Retail
MCH-0127,Toko Berkah 126,F&B
MCH-0128,Toko Berkah 127,nan
MCH-0129,Toko Berkah 128,F&B
MCH-0130,Toko Berkah 129,nan
MCH-0131,Toko Maju 130,Retail
MCH-0132,Toko Makmur 131,F&B
MCH-0133,Toko Berkah 132,F&B
MCH-0134,Toko Lancar 133,Retail
MCH-0135,Toko Makmur 134,F&B
MCH-0136,Toko Berkah 135,Retail
MCH-0137,Toko Makmur 136,F&B
MCH-0138,Toko Makmur 137,Retail
MCH-0139,Toko Maju 138,Transportation
MCH-0140,Toko Lancar 139,Retail
MCH-0141,Toko Jaya 140,Transportation
MCH-0142,Toko Lancar 141,F&B
MCH-0143,Toko Maju 142,F&B
MCH-0144,Toko Berkah 143,Retail
MCH-0145,Toko Jaya 144,Transportation
MCH-0146,Toko Makmur 145,Retail
MCH-0147,Toko Makmur 146,Retail
MCH-0148,Toko Lancar 147,F&B
MCH-0149,Toko Maju 148,Retail
MCH-0150,Toko Maju 149,Retail
MCH-0151,Toko Lancar 150,F&B
MCH-0152,Toko Jaya 151,F&B
MCH-0153,Toko Maju 152,Transportation
MCH-0154,Toko Makmur 153,nan
MCH-0155,Toko Makmur 154,F&B
MCH-0156,Toko Jaya 155,F&B
MCH-0157,Toko Jaya 156,F&B
MCH-0158,Toko Maju 157,Retail
MCH-0159,Toko Berkah 158,Retail
MCH-0160,Toko Maju 159,F&B
MCH-0161,Toko Berkah 160,Digital Goods
MCH-0162,Toko Jaya 161,F&B
MCH-0163,Toko Maju 162,Retail
MCH-0164,Toko Jaya 163,F&B
MCH-0165,Toko Berkah 164,Retail
MCH-0166,Toko Jaya 165,F&B
MCH-0167,Toko Lancar 166,Retail
MCH-0168,Toko Lancar 167,F&B
MCH-0169,Toko Maju 168,Retail
MCH-0170,Toko Maju 169,Retail
MCH-0171,Toko Maju 170,F&B
MCH-0172,Toko Lancar 171,Digital Goods
MCH-0173,Toko Berkah 172,F&B
MCH-0174,Toko Maju 173,F&B
MCH-0175,Toko Berkah 174,F&B
MCH-0176,Toko Maju 175,F&B
MCH-0177,Toko Maju 176,Retail
MCH-0178,Toko Jaya 177,Transportation
MCH-0179,Toko Makmur 178,Retail
MCH-0180,Toko Berkah 179,Retail
MCH-0181,Toko Makmur 180,Digital Goods
MCH-0182,Toko Jaya 181,Retail
MCH-0183,Toko Jaya 182,F&B
MCH-0184,Toko Maju 183,Transportation
MCH-0185,Toko Jaya 184,Transportation
MCH-0186,Toko Lancar 185,Digital Goods
MCH-0187,Toko Lancar 186,Transportation
MCH-0188,Toko Maju 187,Transportation
MCH-0189,Toko Berkah 188,Retail
MCH-0190,Toko Jaya 189,F&B
MCH-0191,Toko Lancar 190,F&B
MCH-0192,Toko Makmur 191,F&B
MCH-0193,Toko Berkah 192,F&B
MCH-0194,Toko Makmur 193,Retail
MCH-0195,Toko Lancar 194,F&B
MCH-0196,Toko Maju 195,Digital Goods
MCH-0197,Toko Maju 196,Retail
MCH-0198,Toko Berkah 197,F&B
MCH-0199,Toko Makmur 198,F&B
MCH-0200,Toko Makmur 199,nan
MCH-0201,Toko Jaya 200,nan
MCH-0202,Toko Makmur 201,Retail
MCH-0203,Toko Jaya 202,Retail
MCH-0204,Toko Jaya 203,Retail
MCH-0205,Toko Lancar 204,nan
MCH-0206,Toko Makmur 205,Retail
MCH-0207,Toko Lancar 206,F&B
MCH-0208,Toko Berkah 207,F&B
MCH-0209,Toko Jaya 208,F&B
MCH-0210,Toko Jaya 209,F&B
MCH-0211,Toko Makmur 210,Retail
MCH-0212,Toko Maju 211,Digital Goods
MCH-0213,Toko Berkah 212,F&B
MCH-0214,Toko Berkah 213,Retail
MCH-0215,Toko Maju 214,Digital Goods
MCH-0216,Toko Jaya 215,Transportation
MCH-0217,Toko Jaya 216,F&B
MCH-0218,Toko Berkah 217,Digital Goods
MCH-0219,Toko Makmur 218,Digital Goods
MCH-0220,Toko Berkah 219,Retail
MCH-0221,Toko Berkah 220,Retail
MCH-0222,Toko Maju 221,F&B
MCH-0223,Toko Jaya 222,Digital Goods
MCH-0224,Toko Lancar 223,Retail
MCH-0225,Toko Maju 224,Digital Goods
MCH-0226,Toko Makmur 225,F&B
MCH-0227,Toko Maju 226,F&B
MCH-0228,Toko Maju 227,Retail
MCH-0229,Toko Berkah 228,F&B
MCH-0230,Toko Lancar 229,Retail
MCH-0231,Toko Makmur 230,F&B
MCH-0232,Toko Jaya 231,F&B
MCH-0233,Toko Maju 232,F&B
MCH-0234,Toko Makmur 233,Retail
MCH-0235,Toko Maju 234,Retail
MCH-0236,Toko Jaya 235,Digital Goods
MCH-0237,Toko Berkah 236,F&B
MCH-0238,Toko Lancar 237,Digital Goods
MCH-0239,Toko Jaya 238,F&B
MCH-0240,Toko Berkah 239,Retail
MCH-0241,Toko Jaya 240,Digital Goods
MCH-0242,Toko Maju 241,Transportation
MCH-0243,Toko Berkah 242,Retail
MCH-0244,Toko Berkah 243,F&B
MCH-0245,Toko Makmur 244,Digital Goods
MCH-0246,Toko Maju 245,Retail
MCH-0247,Toko Maju 246,F&B
MCH-0248,Toko Makmur 247,F&B
MCH-0249,Toko Makmur 248,F&B
MCH-0250,Toko Lancar 249,F&B
MCH-0251,Toko Makmur 250,Retail
MCH-0252,Toko Jaya 251,Retail
MCH-0253,Toko Jaya 252,Retail
MCH-0254,Toko Makmur 253,Transportation
MCH-0255,Toko Berkah 254,F&B
MCH-0256,Toko Jaya 255,F&B
MCH-0257,Toko Lancar 256,Digital Goods
MCH-0258,Toko Maju 257,F&B
MCH-0259,Toko Makmur 258,Retail
MCH-0260,Toko Makmur 259,F&B
MCH-0261,Toko Berkah 260,Retail
MCH-0262,Toko Berkah 261,Retail
MCH-0263,Toko Makmur 262,Transportation
MCH-0264,Toko Jaya 263,F&B
MCH-0265,Toko Lancar 264,F&B
MCH-0266,Toko Jaya 265,Retail
MCH-0267,Toko Lancar 266,Retail
MCH-0268,Toko Lancar 267,Retail
MCH-0269,Toko Lancar 268,F&B
MCH-0270,Toko Maju 269,F&B
MCH-0271,Toko Maju 270,F&B
MCH-0272,Toko Berkah 271,F&B
MCH-0273,Toko Jaya 272,F&B
MCH-0274,Toko Berkah 273,Retail
MCH-0275,Toko Maju 274,F&B
MCH-0276,Toko Lancar 275,F&B
MCH-0277,Toko Jaya 276,Retail
MCH-0278,Toko Lancar 277,F&B
MCH-0279,Toko Berkah 278,F&B
MCH-0280,Toko Lancar 279,Retail
MCH-0281,Toko Makmur 280,Retail
MCH-0282,Toko Lancar 281,Retail
MCH-0283,Toko Maju 282,nan
MCH-0284,Toko Lancar 283,F&B
MCH-0285,Toko Maju 284,F&B
MCH-0286,Toko Maju 285,Retail
MCH-0287,Toko Makmur 286,nan
MCH-0288,Toko Lancar 287,Retail
MCH-0289,Toko Lancar 288,Retail
MCH-0290,Toko Berkah 289,Digital Goods
MCH-0291,Toko Makmur 290,F&B
MCH-0292,Toko Berkah 291,F&B
MCH-0293,Toko Berkah 292,Retail
MCH-0294,Toko Jaya 293,F&B
MCH-0295,Toko Jaya 294,F&B
MCH-0296,Toko Maju 295,Retail
MCH-0297,Toko Makmur 296,Retail
MCH-0298,Toko Jaya 297,Retail
MCH-0299,Toko Lancar 298,F&B
MCH-0300,Toko Berkah 299,F&B
MCH-0301,Toko Lancar 300,F&B
MCH-0302,Toko Maju 301,F&B
MCH-0303,Toko Lancar 302,Transportation
MCH-0304,Toko Jaya 303,F&B
MCH-0305,Toko Maju 304,Transportation
MCH-0306,Toko Lancar 305,Digital Goods
MCH-0307,Toko Jaya 306,F&B
MCH-0308,Toko Jaya 307,Retail
MCH-0309,Toko Lancar 308,F&B
MCH-0310,Toko Makmur 309,Transportation
MCH-0311,Toko Lancar 310,nan
MCH-0312,Toko Berkah 311,F&B
MCH-0313,Toko Maju 312,F&B
MCH-0314,Toko Makmur 313,nan
MCH-0315,Toko Jaya 314,Retail
MCH-0316,Toko Jaya 315,F&B
MCH-0317,Toko Lancar 316,Transportation
MCH-0318,Toko Maju 317,Retail
MCH-0319,Toko Berkah 318,Retail
MCH-0320,Toko Jaya 319,F&B
MCH-0321,Toko Maju 320,F&B
MCH-0322,Toko Maju 321,Digital Goods
MCH-0323,Toko Berkah 322,Digital Goods
MCH-0324,Toko Lancar 323,F&B
MCH-0325,Toko Jaya 324,F&B
MCH-0326,Toko Lancar 325,F&B
MCH-0327,Toko Berkah 326,Retail
MCH-0328,Toko Makmur 327,Retail
MCH-0329,Toko Berkah 328,F&B
MCH-0330,Toko Berkah 329,Retail
MCH-0331,Toko Makmur 330,Retail
MCH-0332,Toko Lancar 331,F&B
MCH-0333,Toko Maju 332,F&B
MCH-0334,Toko Berkah 333,Retail
MCH-0335,Toko Berkah 334,Digital Goods
MCH-0336,Toko Lancar 335,Retail
MCH-0337,Toko Maju 336,F&B
MCH-0338,Toko Lancar 337,Retail
MCH-0339,Toko Jaya 338,Digital Goods
MCH-0340,Toko Jaya 339,Retail
MCH-0341,Toko Makmur 340,Retail
MCH-0342,Toko Jaya 341,Retail
MCH-0343,Toko Maju 342,Transportation
MCH-0344,Toko Maju 343,nan
MCH-0345,Toko Maju 344,Transportation
MCH-0346,Toko Makmur 345,Retail
MCH-0347,Toko Berkah 346,Transportation
MCH-0348,Toko Makmur 347,F&B
MCH-0349,Toko Maju 348,F&B
MCH-0350,Toko Lancar 349,F&B
MCH-0351,Toko Maju 350,F&B
MCH-0352,Toko Makmur 351,Digital Goods
MCH-0353,Toko Maju 352,F&B
MCH-0354,Toko Lancar 353,Transportation
MCH-0355,Toko Maju 354,Digital Goods
MCH-0356,Toko Berkah 355,Retail
MCH-0357,Toko Berkah 356,Retail
MCH-0358,Toko Jaya 357,F&B
MCH-0359,Toko Lancar 358,Retail
MCH-0360,Toko Maju 359,F&B
MCH-0361,Toko Lancar 360,Retail
MCH-0362,Toko Jaya 361,F&B
MCH-0363,Toko Maju 362,F&B
MCH-0364,Toko Berkah 363,F&B
MCH-0365,Toko Berkah 364,Digital Goods
MCH-0366,Toko Jaya 365,nan
MCH-0367,Toko Berkah 366,F&B
MCH-0368,Toko Maju 367,Retail
MCH-0369,Toko Jaya 368,Transportation
MCH-0370,Toko Makmur 369,Digital Goods
MCH-0371,Toko Makmur 370,F&B
MCH-0372,Toko Makmur 371,Retail
MCH-0373,Toko Berkah 372,F&B
MCH-0374,Toko Berkah 373,F&B
MCH-0375,Toko Makmur 374,Retail
MCH-0376,Toko Jaya 375,Digital Goods
MCH-0377,Toko Berkah 376,Retail
MCH-0378,Toko Maju 377,F&B
MCH-0379,Toko Maju 378,Retail
MCH-0380,Toko Jaya 379,Digital Goods
MCH-0381,Toko Jaya 380,Transportation
MCH-0382,Toko Maju 381,F&B
MCH-0383,Toko Jaya 382,F&B
MCH-0384,Toko Lancar 383,Digital Goods
MCH-0385,Toko Jaya 384,F&B
MCH-0386,Toko Jaya 385,Retail
MCH-0387,Toko Lancar 386,F&B
MCH-0388,Toko Berkah 387,F&B
MCH-0389,Toko Lancar 388,Retail
MCH-0390,Toko Berkah 389,F&B
MCH-0391,Toko Lancar 390,F&B
MCH-0392,Toko Maju 391,Retail
MCH-0393,Toko Makmur 392,Retail
MCH-0394,Toko Jaya 393,F&B
MCH-0395,Toko Makmur 394,Retail
MCH-0396,Toko Berkah 395,Retail
MCH-0397,Toko Lancar 396,Retail
MCH-0398,Toko Lancar 397,Retail
MCH-0399,Toko Berkah 398,F&B
MCH-0400,Toko Lancar 399,Transportation
MCH-0401,Toko Makmur 400,F&B
MCH-0402,Toko Berkah 401,Retail
MCH-0403,Toko Maju 402,F&B
MCH-0404,Toko Jaya 403,F&B
MCH-0405,Toko Berkah 404,Transportation
MCH-0406,Toko Jaya 405,Transportation
MCH-0407,Toko Berkah 406,F&B
MCH-0408,Toko Makmur 407,F&B
MCH-0409,Toko Maju 408,Retail
MCH-0410,Toko Berkah 409,Digital Goods
MCH-0411,Toko Lancar 410,F&B
MCH-0412,Toko Maju 411,F&B
MCH-0413,Toko Berkah 412,F&B
MCH-0414,Toko Berkah 413,F&B
MCH-0415,Toko Lancar 414,nan
MCH-0416,Toko Maju 415,F&B
MCH-0417,Toko Maju 416,F&B
MCH-0418,Toko Maju 417,F&B
MCH-0419,Toko Makmur 418,F&B
MCH-0420,Toko Lancar 419,Transportation
MCH-0421,Toko Maju 420,F&B
MCH-0422,Toko Makmur 421,Retail
MCH-0423,Toko Lancar 422,F&B
MCH-0424,Toko Jaya 423,Retail
MCH-0425,Toko Maju 424,Digital Goods
MCH-0426,Toko Berkah 425,F&B
MCH-0427,Toko Jaya 426,F&B
MCH-0428,Toko Lancar 427,F&B
MCH-0429,Toko Makmur 428,Retail
MCH-0430,Toko Lancar 429,F&B
MCH-0431,Toko Jaya 430,F&B
MCH-0432,Toko Maju 431,Retail
MCH-0433,Toko Jaya 432,Transportation
MCH-0434,Toko Makmur 433,F&B
MCH-0435,Toko Maju 434,F&B
MCH-0436,Toko Maju 435,F&B
MCH-0437,Toko Lancar 436,F&B
MCH-0438,Toko Berkah 437,F&B
MCH-0439,Toko Jaya 438,Transportation
MCH-0440,Toko Berkah 439,Retail
MCH-0441,Toko Makmur 440,Retail
MCH-0442,Toko Maju 441,Transportation
MCH-0443,Toko Jaya 442,Transportation
MCH-0444,Toko Maju 443,Digital Goods
MCH-0445,Toko Makmur 444,F&B
MCH-0446,Toko Berkah 445,F&B
MCH-0447,Toko Jaya 446,F&B
MCH-0448,Toko Makmur 447,Transportation
MCH-0449,Toko Lancar 448,Digital Goods
MCH-0450,Toko Makmur 449,F&B
MCH-0451,Toko Jaya 450,Retail
MCH-0452,Toko Berkah 451,F&B
MCH-0453,Toko Lancar 452,Transportation
MCH-0454,Toko Lancar 453,F&B
MCH-0455,Toko Berkah 454,Digital Goods
MCH-0456,Toko Makmur 455,Transportation
MCH-0457,Toko Berkah 456,Digital Goods
MCH-0458,Toko Jaya 457,Retail
MCH-0459,Toko Maju 458,F&B
MCH-0460,Toko Makmur 459,Retail
MCH-0461,Toko Jaya 460,Retail
MCH-0462,Toko Berkah 461,Digital Goods
MCH-0463,Toko Berkah 462,Digital Goods
MCH-0464,Toko Makmur 463,F&B
MCH-0465,Toko Makmur 464,nan
MCH-0466,Toko Lancar 465,F&B
MCH-0467,Toko Maju 466,F&B
MCH-0468,Toko Maju 467,Digital Goods
MCH-0469,Toko Lancar 468,Retail
MCH-0470,Toko Jaya 469,Retail
MCH-0471,Toko Berkah 470,nan
MCH-0472,Toko Lancar 471,Retail
MCH-0473,Toko Maju 472,F&B
MCH-0474,Toko Lancar 473,Retail
MCH-0475,Toko Makmur 474,F&B
MCH-0476,Toko Berkah 475,Transportation
MCH-0477,Toko Lancar 476,Retail
MCH-0478,Toko Lancar 477,Retail
MCH-0479,Toko Lancar 478,Digital Goods
MCH-0480,Toko Berkah 479,F&B
MCH-0481,Toko Lancar 480,F&B
MCH-0482,Toko Jaya 481,Transportation
MCH-0483,Toko Jaya 482,F&B
MCH-0484,Toko Jaya 483,F&B
MCH-0485,Toko Berkah 484,Retail
MCH-0486,Toko Jaya 485,Digital Goods
MCH-0487,Toko Maju 486,Retail
MCH-0488,Toko Maju 487,F&B
MCH-0489,Toko Jaya 488,Digital Goods
MCH-0490,Toko Jaya 489,Retail
MCH-0491,Toko Jaya 490,Retail
MCH-0492,Toko Makmur 491,Digital Goods
MCH-0493,Toko Makmur 492,Retail
MCH-0494,Toko Maju 493,Retail
MCH-0495,Toko Lancar 494,Digital Goods
MCH-0496,Toko Maju 495,Transportation
MCH-0497,Toko Maju 496,F&B
MCH-0498,Toko Berkah 497,F&B
MCH-0499,Toko Makmur 498,Transportation
MCH-0500,Toko Maju 499,F&B
MCH-0501,Toko Makmur 500,F&B
MCH-0502,Toko Berkah 501,F&B
MCH-0503,Toko Makmur 502,nan
MCH-0504,Toko Jaya 503,Retail
MCH-0505,Toko Maju 504,F&B
MCH-0506,Toko Lancar 505,Transportation
MCH-0507,Toko Maju 506,Transportation
MCH-0508,Toko Makmur 507,F&B
MCH-0509,Toko Makmur 508,F&B
MCH-0510,Toko Maju 509,nan
MCH-0511,Toko Maju 510,F&B
MCH-0512,Toko Makmur 511,F&B
MCH-0513,Toko Makmur 512,nan
MCH-0514,Toko Makmur 513,Retail
MCH-0515,Toko Jaya 514,Retail
MCH-0516,Toko Lancar 515,nan
MCH-0517,Toko Jaya 516,Digital Goods
MCH-0518,Toko Lancar 517,Transportation
MCH-0519,Toko Lancar 518,F&B
MCH-0520,Toko Makmur 519,Transportation
MCH-0521,Toko Berkah 520,F&B
MCH-0522,Toko Lancar 521,Digital Goods
MCH-0523,Toko Berkah 522,F&B
MCH-0524,Toko Berkah 523,Transportation
MCH-0525,Toko Makmur 524,F&B
MCH-0526,Toko Lancar 525,Retail
MCH-0527,Toko Makmur 526,Retail
MCH-0528,Toko Lancar 527,Retail
MCH-0529,Toko Makmur 528,Retail
MCH-0530,Toko Makmur 529,Retail
MCH-0531,Toko Jaya 530,Digital Goods
MCH-0532,Toko Maju 531,F&B
MCH-0533,Toko Makmur 532,F&B
MCH-0534,Toko Maju 533,Transportation
MCH-0535,Toko Makmur 534,Digital Goods
MCH-0536,Toko Makmur 535,nan
MCH-0537,Toko Maju 536,Digital Goods
MCH-0538,Toko Lancar 537,Retail
MCH-0539,Toko Lancar 538,F&B
MCH-0540,Toko Makmur 539,F&B
MCH-0541,Toko Maju 540,F&B
MCH-0542,Toko Maju 541,F&B
MCH-0543,Toko Jaya 542,Retail
MCH-0544,Toko Makmur 543,Retail
MCH-0545,Toko Maju 544,Retail
MCH-0546,Toko Lancar 545,F&B
MCH-0547,Toko Berkah 546,nan
MCH-0548,Toko Maju 547,Digital Goods
MCH-0549,Toko Jaya 548,Retail
MCH-0550,Toko Jaya 549,F&B
MCH-0551,Toko Berkah 550,F&B
MCH-0552,Toko Jaya 551,Retail
MCH-0553,Toko Jaya 552,Digital Goods
MCH-0554,Toko Berkah 553,F&B
MCH-0555,Toko Maju 554,F&B
MCH-0556,Toko Jaya 555,F&B
MCH-0557,Toko Lancar 556,F&B
MCH-0558,Toko Lancar 557,Retail
MCH-0559,Toko Maju 558,F&B
MCH-0560,Toko Berkah 559,Digital Goods
MCH-0561,Toko Lancar 560,F&B
MCH-0562,Toko Lancar 561,F&B
MCH-0563,Toko Maju 562,F&B
MCH-0564,Toko Lancar 563,Digital Goods
MCH-0565,Toko Makmur 564,nan
MCH-0566,Toko Jaya 565,Transportation
MCH-0567,Toko Makmur 566,F&B
MCH-0568,Toko Berkah 567,F&B
MCH-0569,Toko Berkah 568,F&B
MCH-0570,Toko Jaya 569,Retail
MCH-0571,Toko Maju 570,Transportation
MCH-0572,Toko Jaya 571,Transportation
MCH-0573,Toko Makmur 572,Retail
MCH-0574,Toko Maju 573,Retail
MCH-0575,Toko Makmur 574,F&B
MCH-0576,Toko Makmur 575,Retail
MCH-0577,Toko Jaya 576,F&B
MCH-0578,Toko Berkah 577,Transportation
MCH-0579,Toko Makmur 578,Digital Goods
MCH-0580,Toko Lancar 579,F&B
MCH-0581,Toko Makmur 580,Retail
MCH-0582,Toko Maju 581,nan
MCH-0583,Toko Berkah 582,Retail
MCH-0584,Toko Maju 583,Digital Goods
MCH-0585,Toko Berkah 584,Retail
MCH-0586,Toko Lancar 585,F&B
MCH-0587,Toko Makmur 586,F&B
MCH-0588,Toko Jaya 587,F&B
MCH-0589,Toko Makmur 588,F&B
MCH-0590,Toko Jaya 589,F&B
MCH-0591,Toko Jaya 590,Digital Goods
MCH-0592,Toko Maju 591,Retail
MCH-0593,Toko Makmur 592,F&B
MCH-0594,Toko Lancar 593,nan
MCH-0595,Toko Makmur 594,Digital Goods
MCH-0596,Toko Maju 595,Retail
MCH-0597,Toko Lancar 596,Retail
MCH-0598,Toko Makmur 597,F&B
MCH-0599,Toko Berkah 598,Transportation
MCH-0600,Toko Lancar 599,F&B
MCH-0601,Toko Lancar 600,F&B
MCH-0602,Toko Lancar 601,Retail
MCH-0603,Toko Berkah 602,Retail
MCH-0604,Toko Maju 603,F&B
MCH-0605,Toko Jaya 604,Retail
MCH-0606,Toko Makmur 605,F&B
MCH-0607,Toko Berkah 606,F&B
MCH-0608,Toko Maju 607,F&B
MCH-0609,Toko Lancar 608,F&B
MCH-0610,Toko Jaya 609,F&B
MCH-0611,Toko Jaya 610,F&B
MCH-0612,Toko Jaya 611,Retail
MCH-0613,Toko Lancar 612,Retail
MCH-0614,Toko Maju 613,F&B
MCH-0615,Toko Jaya 614,F&B
MCH-0616,Toko Maju 615,Retail
MCH-0617,Toko Lancar 616,Digital Goods
MCH-0618,Toko Jaya 617,F&B
MCH-0619,Toko Maju 618,Retail
MCH-0620,Toko Berkah 619,Digital Goods
MCH-0621,Toko Makmur 620,F&B
MCH-0622,Toko Makmur 621,Retail
MCH-0623,Toko Jaya 622,Retail
MCH-0624,Toko Lancar 623,F&B
MCH-0625,Toko Lancar 624,Digital Goods
MCH-0626,Toko Lancar 625,Retail
MCH-0627,Toko Makmur 626,Retail
MCH-0628,Toko Berkah 627,Retail
MCH-0629,Toko Jaya 628,Digital Goods
MCH-0630,Toko Berkah 629,Retail
MCH-0631,Toko Jaya 630,Digital Goods
MCH-0632,Toko Berkah 631,F&B
MCH-0633,Toko Lancar 632,F&B
MCH-0634,Toko Berkah 633,Digital Goods
MCH-0635,Toko Jaya 634,F&B
MCH-0636,Toko Maju 635,F&B
MCH-0637,Toko Berkah 636,nan
MCH-0638,Toko Berkah 637,Retail
MCH-0639,Toko Jaya 638,Retail
MCH-0640,Toko Lancar 639,Retail
MCH-0641,Toko Lancar 640,Transportation
MCH-0642,Toko Makmur 641,Transportation
MCH-0643,Toko Jaya 642,F&B
MCH-0644,Toko Berkah 643,F&B
MCH-0645,Toko Lancar 644,Retail
MCH-0646,Toko Jaya 645,Retail
MCH-0647,Toko Jaya 646,F&B
MCH-0648,Toko Lancar 647,Retail
MCH-0649,Toko Lancar 648,Digital Goods
MCH-0650,Toko Makmur 649,Retail
MCH-0651,Toko Berkah 650,Digital Goods
MCH-0652,Toko Berkah 651,F&B
MCH-0653,Toko Lancar 652,F&B
MCH-0654,Toko Jaya 653,Retail
MCH-0655,Toko Maju 654,nan
MCH-0656,Toko Maju 655,nan
MCH-0657,Toko Makmur 656,F&B
MCH-0658,Toko Maju 657,F&B
MCH-0659,Toko Makmur 658,Retail
MCH-0660,Toko Berkah 659,Digital Goods
MCH-0661,Toko Jaya 660,Retail
MCH-0662,Toko Berkah 661,Digital Goods
MCH-0663,Toko Maju 662,Retail
MCH-0664,Toko Jaya 663,Retail
MCH-0665,Toko Lancar 664,Digital Goods
MCH-0666,Toko Maju 665,F&B
MCH-0667,Toko Maju 666,Retail
MCH-0668,Toko Jaya 667,Digital Goods
MCH-0669,Toko Berkah 668,F&B
MCH-0670,Toko Makmur 669,Retail
MCH-0671,Toko Berkah 670,Retail
MCH-0672,Toko Makmur 671,Retail
MCH-0673,Toko Lancar 672,F&B
MCH-0674,Toko Lancar 673,Digital Goods
MCH-0675,Toko Jaya 674,Transportation
MCH-0676,Toko Lancar 675,F&B
MCH-0677,Toko Lancar 676,Transportation
MCH-0678,Toko Lancar 677,F&B
MCH-0679,Toko Makmur 678,nan
MCH-0680,Toko Makmur 679,Transportation
MCH-0681,Toko Makmur 680,F&B
MCH-0682,Toko Makmur 681,F&B
MCH-0683,Toko Maju 682,F&B
MCH-0684,Toko Lancar 683,Digital Goods
MCH-0685,Toko Lancar 684,F&B
MCH-0686,Toko Makmur 685,F&B
MCH-0687,Toko Makmur 686,F&B
MCH-0688,Toko Berkah 687,Digital Goods
MCH-0689,Toko Maju 688,Transportation
MCH-0690,Toko Lancar 689,Retail
MCH-0691,Toko Berkah 690,F&B
MCH-0692,Toko Berkah 691,Retail
MCH-0693,Toko Jaya 692,Retail
MCH-0694,Toko Jaya 693,F&B
MCH-0695,Toko Berkah 694,F&B
MCH-0696,Toko Lancar 695,F&B
MCH-0697,Toko Lancar 696,F&B
MCH-0698,Toko Jaya 697,F&B
MCH-0699,Toko Makmur 698,F&B
MCH-0700,Toko Maju 699,Retail
MCH-0701,Toko Maju 700,Retail
MCH-0702,Toko Jaya 701,Digital Goods
MCH-0703,Toko Berkah 702,Digital Goods
MCH-0704,Toko Makmur 703,F&B
MCH-0705,Toko Makmur 704,Transportation
MCH-0706,Toko Maju 705,F&B
MCH-0707,Toko Maju 706,Retail
MCH-0708,Toko Jaya 707,Retail
MCH-0709,Toko Makmur 708,Retail
MCH-0710,Toko Maju 709,F&B
MCH-0711,Toko Makmur 710,Digital Goods
MCH-0712,Toko Maju 711,Retail
MCH-0713,Toko Maju 712,Transportation
MCH-0714,Toko Jaya 713,F&B
MCH-0715,Toko Maju 714,Digital Goods
MCH-0716,Toko Makmur 715,Retail
MCH-0717,Toko Maju 716,Retail
MCH-0718,Toko Maju 717,F&B
MCH-0719,Toko Makmur 718,F&B
MCH-0720,Toko Makmur 719,Retail
MCH-0721,Toko Berkah 720,Retail
MCH-0722,Toko Maju 721,Digital Goods
MCH-0723,Toko Maju 722,Digital Goods
MCH-0724,Toko Maju 723,F&B
MCH-0725,Toko Makmur 724,nan
MCH-0726,Toko Jaya 725,Transportation
MCH-0727,Toko Lancar 726,Transportation
MCH-0728,Toko Jaya 727,Retail
MCH-0729,Toko Maju 728,F&B
MCH-0730,Toko Jaya 729,Retail
MCH-0731,Toko Maju 730,Retail
MCH-0732,Toko Maju 731,Digital Goods
MCH-0733,Toko Lancar 732,Digital Goods
MCH-0734,Toko Maju 733,F&B
MCH-0735,Toko Makmur 734,Digital Goods
MCH-0736,Toko Maju 735,Transportation
MCH-0737,Toko Makmur 736,F&B
MCH-0738,Toko Makmur 737,Retail
MCH-0739,Toko Jaya 738,F&B
MCH-0740,Toko Maju 739,Digital Goods
MCH-0741,Toko Jaya 740,F&B
MCH-0742,Toko Jaya 741,Digital Goods
MCH-0743,Toko Lancar 742,Retail
MCH-0744,Toko Lancar 743,Transportation
MCH-0745,Toko Lancar 744,nan
MCH-0746,Toko Lancar 745,F&B
MCH-0747,Toko Jaya 746,Transportation
MCH-0748,Toko Lancar 747,Digital Goods
MCH-0749,Toko Makmur 748,Transportation
MCH-0750,Toko Makmur 749,Retail
MCH-0751,Toko Jaya 750,Retail
MCH-0752,Toko Jaya 751,Transportation
MCH-0753,Toko Jaya 752,F&B
MCH-0754,Toko Jaya 753,F&B
MCH-0755,Toko Lancar 754,Transportation
MCH-0756,Toko Jaya 755,Retail
MCH-0757,Toko Lancar 756,F&B
MCH-0758,Toko Maju 757,Transportation
MCH-0759,Toko Makmur 758,F&B
MCH-0760,Toko Jaya 759,Retail
MCH-0761,Toko Berkah 760,Retail
MCH-0762,Toko Jaya 761,Retail
MCH-0763,Toko Makmur 762,F&B
MCH-0764,Toko Jaya 763,Retail
MCH-0765,Toko Makmur 764,F&B
MCH-0766,Toko Maju 765,F&B
MCH-0767,Toko Berkah 766,Retail
MCH-0768,Toko Maju 767,F&B
MCH-0769,Toko Lancar 768,Retail
MCH-0770,Toko Berkah 769,F&B
MCH-0771,Toko Makmur 770,F&B
MCH-0772,Toko Makmur 771,nan
MCH-0773,Toko Jaya 772,F&B
MCH-0774,Toko Lancar 773,F&B
MCH-0775,Toko Makmur 774,Retail
MCH-0776,Toko Lancar 775,nan
MCH-0777,Toko Makmur 776,F&B
MCH-0778,Toko Makmur 777,Retail
MCH-0779,Toko Jaya 778,Digital Goods
MCH-0780,Toko Lancar 779,Retail
MCH-0781,Toko Makmur 780,F&B
MCH-0782,Toko Lancar 781,F&B
MCH-0783,Toko Maju 782,Digital Goods
MCH-0784,Toko Maju 783,Transportation
MCH-0785,Toko Jaya 784,Retail
MCH-0786,Toko Lancar 785,Retail
MCH-0787,Toko Makmur 786,Digital Goods
MCH-0788,Toko Makmur 787,Transportation
MCH-0789,Toko Maju 788,F&B
MCH-0790,Toko Makmur 789,F&B
MCH-0791,Toko Berkah 790,Retail
MCH-0792,Toko Makmur 791,Retail
MCH-0793,Toko Jaya 792,Digital Goods
MCH-0794,Toko Berkah 793,Retail
MCH-0795,Toko Makmur 794,F&B
MCH-0796,Toko Jaya 795,Transportation
MCH-0797,Toko Berkah 796,Transportation
MCH-0798,Toko Berkah 797,Transportation
MCH-0799,Toko Lancar 798,F&B
MCH-0800,Toko Maju 799,nan
MCH-0801,Toko Lancar 800,F&B
MCH-0802,Toko Maju 801,F&B
MCH-0803,Toko Jaya 802,Retail
MCH-0804,Toko Maju 803,Transportation
MCH-0805,Toko Berkah 804,F&B
MCH-0806,Toko Jaya 805,F&B
MCH-0807,Toko Jaya 806,Transportation
MCH-0808,Toko Lancar 807,F&B
MCH-0809,Toko Berkah 808,Digital Goods
MCH-0810,Toko Makmur 809,F&B
MCH-0811,Toko Makmur 810,nan
MCH-0812,Toko Lancar 811,F&B
MCH-0813,Toko Lancar 812,Retail
MCH-0814,Toko Berkah 813,F&B
MCH-0815,Toko Jaya 814,F&B
MCH-0816,Toko Berkah 815,Retail
MCH-0817,Toko Jaya 816,Digital Goods
MCH-0818,Toko Jaya 817,F&B
MCH-0819,Toko Berkah 818,Transportation
MCH-0820,Toko Lancar 819,Retail
MCH-0821,Toko Berkah 820,F&B
MCH-0822,Toko Jaya 821,Retail
MCH-0823,Toko Makmur 822,F&B
MCH-0824,Toko Makmur 823,Digital Goods
MCH-0825,Toko Lancar 824,Retail
MCH-0826,Toko Berkah 825,Digital Goods
MCH-0827,Toko Makmur 826,Retail
MCH-0828,Toko Lancar 827,nan
MCH-0829,Toko Maju 828,Retail
MCH-0830,Toko Jaya 829,F&B
MCH-0831,Toko Maju 830,F&B
MCH-0832,Toko Jaya 831,Retail
MCH-0833,Toko Maju 832,F&B
MCH-0834,Toko Lancar 833,Digital Goods
MCH-0835,Toko Maju 834,Retail
MCH-0836,Toko Maju 835,F&B
MCH-0837,Toko Makmur 836,Digital Goods
MCH-0838,Toko Lancar 837,F&B
MCH-0839,Toko Makmur 838,Retail
MCH-0840,Toko Lancar 839,Transportation
MCH-0841,Toko Lancar 840,Retail
MCH-0842,Toko Jaya 841,F&B
MCH-0843,Toko Makmur 842,nan
MCH-0844,Toko Maju 843,F&B
MCH-0845,Toko Maju 844,F&B
MCH-0846,Toko Makmur 845,F&B
MCH-0847,Toko Jaya 846,Retail
MCH-0848,Toko Makmur 847,F&B
MCH-0849,Toko Jaya 848,Transportation
MCH-0850,Toko Lancar 849,Transportation
MCH-0851,Toko Makmur 850,Digital Goods
MCH-0852,Toko Lancar 851,Retail
MCH-0853,Toko Maju 852,Digital Goods
MCH-0854,Toko Jaya 853,F&B
MCH-0855,Toko Lancar 854,Digital Goods
MCH-0856,Toko Makmur 855,nan
MCH-0857,Toko Jaya 856,F&B
MCH-0858,Toko Berkah 857,Digital Goods
MCH-0859,Toko Jaya 858,F&B
MCH-0860,Toko Makmur 859,Retail
MCH-0861,Toko Makmur 860,Retail
MCH-0862,Toko Lancar 861,Retail
MCH-0863,Toko Jaya 862,Transportation
MCH-0864,Toko Makmur 863,Retail
MCH-0865,Toko Lancar 864,F&B
MCH-0866,Toko Makmur 865,Retail
MCH-0867,Toko Makmur 866,Transportation
MCH-0868,Toko Lancar 867,nan
MCH-0869,Toko Jaya 868,Retail
MCH-0870,Toko Lancar 869,F&B
MCH-0871,Toko Makmur 870,Retail
MCH-0872,Toko Maju 871,F&B
MCH-0873,Toko Maju 872,Digital Goods
MCH-0874,Toko Maju 873,F&B
MCH-0875,Toko Lancar 874,Retail
MCH-0876,Toko Jaya 875,Transportation
MCH-0877,Toko Jaya 876,Digital Goods
MCH-0878,Toko Berkah 877,F&B
MCH-0879,Toko Jaya 878,F&B
MCH-0880,Toko Maju 879,nan
MCH-0881,Toko Makmur 880,F&B
MCH-0882,Toko Maju 881,F&B
MCH-0883,Toko Jaya 882,F&B
MCH-0884,Toko Makmur 883,Digital Goods
MCH-0885,Toko Lancar 884,F&B
MCH-0886,Toko Jaya 885,Digital Goods
MCH-0887,Toko Berkah 886,Retail
MCH-0888,Toko Maju 887,F&B
MCH-0889,Toko Jaya 888,Transportation
MCH-0890,Toko Berkah 889,F&B
MCH-0891,Toko Lancar 890,F&B
MCH-0892,Toko Berkah 891,Retail
MCH-0893,Toko Lancar 892,Digital Goods
MCH-0894,Toko Jaya 893,Retail
MCH-0895,Toko Lancar 894,F&B
MCH-0896,Toko Jaya 895,F&B
MCH-0897,Toko Makmur 896,Transportation
MCH-0898,Toko Maju 897,F&B
MCH-0899,Toko Makmur 898,Retail
MCH-0900,Toko Makmur 899,Digital Goods
MCH-0901,Toko Makmur 900,F&B
MCH-0902,Toko Berkah 901,Retail
MCH-0903,Toko Berkah 902,Retail
MCH-0904,Toko Lancar 903,F&B
MCH-0905,Toko Berkah 904,F&B
MCH-0906,Toko Jaya 905,Retail
MCH-0907,Toko Jaya 906,F&B
MCH-0908,Toko Jaya 907,F&B
MCH-0909,Toko Maju 908,F&B
MCH-0910,Toko Lancar 909,F&B
MCH-0911,Toko Maju 910,F&B
MCH-0912,Toko Maju 911,F&B
MCH-0913,Toko Makmur 912,Retail
MCH-0914,Toko Maju 913,F&B
MCH-0915,Toko Berkah 914,Retail
MCH-0916,Toko Lancar 915,F&B
MCH-0917,Toko Berkah 916,F&B
MCH-0918,Toko Maju 917,Transportation
MCH-0919,Toko Lancar 918,nan
MCH-0920,Toko Lancar 919,Retail
MCH-0921,Toko Berkah 920,F&B
MCH-0922,Toko Jaya 921,Retail
MCH-0923,Toko Makmur 922,Retail
MCH-0924,Toko Makmur 923,F&B
MCH-0925,Toko Lancar 924,F&B
MCH-0926,Toko Berkah 925,Transportation
MCH-0927,Toko Jaya 926,Retail
MCH-0928,Toko Maju 927,Digital Goods
MCH-0929,Toko Berkah 928,Retail
MCH-0930,Toko Lancar 929,F&B
MCH-0931,Toko Berkah 930,Retail
MCH-0932,Toko Makmur 931,Transportation
MCH-0933,Toko Makmur 932,F&B
MCH-0934,Toko Jaya 933,Transportation
MCH-0935,Toko Lancar 934,Retail
MCH-0936,Toko Berkah 935,F&B
MCH-0937,Toko Makmur 936,Retail
MCH-0938,Toko Jaya 937,Retail
MCH-0939,Toko Maju 938,nan
MCH-0940,Toko Maju 939,F&B
MCH-0941,Toko Jaya 940,F&B
MCH-0942,Toko Makmur 941,Retail
MCH-0943,Toko Berkah 942,F&B
MCH-0944,Toko Lancar 943,F&B
MCH-0945,Toko Jaya 944,Transportation
MCH-0946,Toko Makmur 945,F&B
MCH-0947,Toko Jaya 946,Retail
MCH-0948,Toko Berkah 947,F&B
MCH-0949,Toko Jaya 948,Digital Goods
MCH-0950,Toko Lancar 949,Retail
MCH-0951,Toko Berkah 950,F&B
MCH-0952,Toko Jaya 951,F&B
MCH-0953,Toko Maju 952,F&B
MCH-0954,Toko Makmur 953,F&B
MCH-0955,Toko Lancar 954,Retail
MCH-0956,Toko Jaya 955,Digital Goods
MCH-0957,Toko Lancar 956,Transportation
MCH-0958,Toko Maju 957,nan
MCH-0959,Toko Makmur 958,Retail
MCH-0960,Toko Berkah 959,Digital Goods
MCH-0961,Toko Jaya 960,Retail
MCH-0962,Toko Berkah 961,Retail
MCH-0963,Toko Jaya 962,Retail
MCH-0964,Toko Makmur 963,Digital Goods
MCH-0965,Toko Makmur 964,Retail
MCH-0966,Toko Berkah 965,F&B
MCH-0967,Toko Lancar 966,Digital Goods
MCH-0968,Toko Berkah 967,F&B
MCH-0969,Toko Maju 968,F&B
MCH-0970,Toko Lancar 969,Retail
MCH-0971,Toko Jaya 970,Digital Goods
MCH-0972,Toko Lancar 971,F&B
MCH-0973,Toko Berkah 972,F&B
MCH-0974,Toko Jaya 973,Transportation
MCH-0975,Toko Jaya 974,Digital Goods
MCH-0976,Toko Lancar 975,F&B
MCH-0977,Toko Makmur 976,Retail
MCH-0978,Toko Makmur 977,Transportation
MCH-0979,Toko Lancar 978,Retail
MCH-0980,Toko Lancar 979,F&B
MCH-0981,Toko Lancar 980,F&B
MCH-0982,Toko Lancar 981,F&B
MCH-0983,Toko Makmur 982,Digital Goods
MCH-0984,Toko Jaya 983,F&B
MCH-0985,Toko Berkah 984,Retail
MCH-0986,Toko Makmur 985,F&B
MCH-0987,Toko Lancar 986,Retail
MCH-0988,Toko Makmur 987,Digital Goods
MCH-0989,Toko Berkah 988,F&B
MCH-0990,Toko Jaya 989,Retail
MCH-0991,Toko Makmur 990,nan
MCH-0992,Toko Makmur 991,F&B
MCH-0993,Toko Maju 992,F&B
MCH-0994,Toko Maju 993,Retail
MCH-0995,Toko Berkah 994,Transportation
MCH-0996,Toko Berkah 995,Digital Goods
MCH-0997,Toko Berkah 996,Retail
MCH-0998,Toko Berkah 997,Retail
MCH-0999,Toko Berkah 998,Digital Goods
MCH-1000,Toko Berkah 999,F&B
MCH-1001,Toko Lancar 1000,Retail
MCH-1002,Toko Lancar 1001,Retail
MCH-1003,Toko Berkah 1002,F&B
MCH-1004,Toko Maju 1003,F&B
MCH-1005,Toko Berkah 1004,Retail
MCH-1006,Toko Berkah 1005,F&B
MCH-1007,Toko Lancar 1006,F&B
MCH-1008,Toko Berkah 1007,F&B
MCH-1009,Toko Berkah 1008,F&B
MCH-1010,Toko Lancar 1009,Transportation
MCH-1011,Toko Jaya 1010,nan
MCH-1012,Toko Berkah 1011,F&B
MCH-1013,Toko Berkah 1012,F&B
MCH-1014,Toko Berkah 1013,Transportation
MCH-1015,Toko Berkah 1014,F&B
MCH-1016,Toko Jaya 1015,F&B
MCH-1017,Toko Lancar 1016,F&B
MCH-1018,Toko Makmur 1017,F&B
MCH-1019,Toko Jaya 1018,Retail
MCH-1020,Toko Lancar 1019,F&B
MCH-1021,Toko Jaya 1020,Digital Goods
MCH-1022,Toko Makmur 1021,F&B
MCH-1023,Toko Makmur 1022,Retail
MCH-1024,Toko Maju 1023,Retail
MCH-1025,Toko Makmur 1024,Transportation
MCH-1026,Toko Berkah 1025,Retail
MCH-1027,Toko Lancar 1026,Retail
MCH-1028,Toko Maju 1027,Digital Goods
MCH-1029,Toko Jaya 1028,Digital Goods
MCH-1030,Toko Lancar 1029,Transportation
MCH-1031,Toko Berkah 1030,F&B
MCH-1032,Toko Jaya 1031,Retail
MCH-1033,Toko Makmur 1032,Retail
MCH-1034,Toko Maju 1033,Retail
MCH-1035,Toko Berkah 1034,Retail
MCH-1036,Toko Lancar 1035,Retail
MCH-1037,Toko Berkah 1036,F&B
MCH-1038,Toko Lancar 1037,F&B
MCH-1039,Toko Makmur 1038,Transportation
MCH-1040,Toko Berkah 1039,F&B
MCH-1041,Toko Jaya 1040,Digital Goods
MCH-1042,Toko Berkah 1041,F&B
MCH-1043,Toko Jaya 1042,Transportation
MCH-1044,Toko Maju 1043,Transportation
MCH-1045,Toko Lancar 1044,F&B
MCH-1046,Toko Berkah 1045,F&B
MCH-1047,Toko Lancar 1046,F&B
MCH-1048,Toko Maju 1047,Digital Goods
MCH-1049,Toko Jaya 1048,F&B
MCH-1050,Toko Jaya 1049,F&B
MCH-1051,Toko Makmur 1050,F&B
MCH-1052,Toko Makmur 1051,Retail
MCH-1053,Toko Lancar 1052,F&B
MCH-1054,Toko Lancar 1053,F&B
MCH-1055,Toko Makmur 1054,Retail
MCH-1056,Toko Berkah 1055,F&B
MCH-1057,Toko Lancar 1056,F&B
MCH-1058,Toko Jaya 1057,Retail
MCH-1059,Toko Maju 1058,F&B
MCH-1060,Toko Berkah 1059,F&B
MCH-1061,Toko Maju 1060,F&B
MCH-1062,Toko Lancar 1061,F&B
MCH-1063,Toko Makmur 1062,F&B
MCH-1064,Toko Lancar 1063,Retail
MCH-1065,Toko Lancar 1064,Retail
MCH-1066,Toko Makmur 1065,F&B
MCH-1067,Toko Berkah 1066,F&B
MCH-1068,Toko Jaya 1067,Digital Goods
MCH-1069,Toko Makmur 1068,Transportation
MCH-1070,Toko Maju 1069,F&B
MCH-1071,Toko Berkah 1070,Digital Goods
MCH-1072,Toko Maju 1071,Transportation
MCH-1073,Toko Berkah 1072,Digital Goods
MCH-1074,Toko Jaya 1073,F&B
MCH-1075,Toko Maju 1074,Retail
MCH-1076,Toko Jaya 1075,F&B
MCH-1077,Toko Makmur 1076,Retail
MCH-1078,Toko Jaya 1077,Retail
MCH-1079,Toko Jaya 1078,Digital Goods
MCH-1080,Toko Lancar 1079,nan
MCH-1081,Toko Berkah 1080,Retail
MCH-1082,Toko Berkah 1081,Digital Goods
MCH-1083,Toko Berkah 1082,Retail
MCH-1084,Toko Jaya 1083,F&B
MCH-1085,Toko Lancar 1084,Digital Goods
MCH-1086,Toko Makmur 1085,F&B
MCH-1087,Toko Berkah 1086,F&B
MCH-1088,Toko Jaya 1087,F&B
MCH-1089,Toko Lancar 1088,Retail
MCH-1090,Toko Lancar 1089,Digital Goods
MCH-1091,Toko Jaya 1090,F&B
MCH-1092,Toko Makmur 1091,F&B
MCH-1093,Toko Maju 1092,Retail
MCH-1094,Toko Berkah 1093,Retail
MCH-1095,Toko Makmur 1094,Digital Goods
MCH-1096,Toko Lancar 1095,Retail
MCH-1097,Toko Maju 1096,Transportation
MCH-1098,Toko Lancar 1097,Retail
MCH-1099,Toko Jaya 1098,F&B
MCH-1100,Toko Jaya 1099,Retail
MCH-1101,Toko Lancar 1100,F&B
MCH-1102,Toko Lancar 1101,F&B
MCH-1103,Toko Maju 1102,nan
MCH-1104,Toko Makmur 1103,F&B
MCH-1105,Toko Jaya 1104,Transportation
MCH-1106,Toko Makmur 1105,Retail
MCH-1107,Toko Jaya 1106,F&B
MCH-1108,Toko Berkah 1107,F&B
MCH-1109,Toko Jaya 1108,Digital Goods
MCH-1110,Toko Makmur 1109,Digital Goods
MCH-1111,Toko Makmur 1110,Transportation
MCH-1112,Toko Jaya 1111,F&B
MCH-1113,Toko Makmur 1112,Digital Goods
MCH-1114,Toko Berkah 1113,Retail
MCH-1115,Toko Maju 1114,Digital Goods
MCH-1116,Toko Lancar 1115,F&B
MCH-1117,Toko Berkah 1116,nan
MCH-1118,Toko Lancar 1117,Retail
MCH-1119,Toko Jaya 1118,Digital Goods
MCH-1120,Toko Maju 1119,F&B
MCH-1121,Toko Berkah 1120,nan
MCH-1122,Toko Berkah 1121,nan
MCH-1123,Toko Maju 1122,Digital Goods
MCH-1124,Toko Makmur 1123,nan
MCH-1125,Toko Berkah 1124,Retail
MCH-1126,Toko Berkah 1125,Retail
MCH-1127,Toko Makmur 1126,Digital Goods
MCH-1128,Toko Lancar 1127,Digital Goods
MCH-1129,Toko Jaya 1128,F&B
MCH-1130,Toko Lancar 1129,Transportation
MCH-1131,Toko Berkah 1130,Retail
MCH-1132,Toko Makmur 1131,F&B
MCH-1133,Toko Makmur 1132,Transportation
MCH-1134,Toko Makmur 1133,nan
MCH-1135,Toko Lancar 1134,nan
MCH-1136,Toko Jaya 1135,F&B
MCH-1137,Toko Jaya 1136,Retail
MCH-1138,Toko Lancar 1137,Digital Goods
MCH-1139,Toko Jaya 1138,F&B
MCH-1140,Toko Berkah 1139,F&B
MCH-1141,Toko Lancar 1140,Digital Goods
MCH-1142,Toko Makmur 1141,Digital Goods
MCH-1143,Toko Makmur 1142,F&B
MCH-1144,Toko Makmur 1143,Retail
MCH-1145,Toko Berkah 1144,Digital Goods
MCH-1146,Toko Makmur 1145,F&B
MCH-1147,Toko Berkah 1146,Transportation
MCH-1148,Toko Maju 1147,F&B
MCH-1149,Toko Lancar 1148,F&B
MCH-1150,Toko Maju 1149,nan
MCH-1151,Toko Jaya 1150,Retail
MCH-1152,Toko Makmur 1151,Retail
MCH-1153,Toko Jaya 1152,Digital Goods
MCH-1154,Toko Maju 1153,F&B
MCH-1155,Toko Makmur 1154,F&B
MCH-1156,Toko Maju 1155,F&B
MCH-1157,Toko Berkah 1156,Digital Goods
MCH-1158,Toko Jaya 1157,Digital Goods
MCH-1159,Toko Berkah 1158,Digital Goods
MCH-1160,Toko Makmur 1159,Retail
MCH-1161,Toko Lancar 1160,F&B
MCH-1162,Toko Maju 1161,nan
MCH-1163,Toko Berkah 1162,F&B
MCH-1164,Toko Makmur 1163,Retail
MCH-1165,Toko Lancar 1164,Retail
MCH-1166,Toko Maju 1165,F&B
MCH-1167,Toko Maju 1166,Transportation
MCH-1168,Toko Lancar 1167,Transportation
MCH-1169,Toko Jaya 1168,Retail
MCH-1170,Toko Berkah 1169,F&B
MCH-1171,Toko Berkah 1170,Retail
MCH-1172,Toko Lancar 1171,Retail
MCH-1173,Toko Makmur 1172,Retail
MCH-1174,Toko Berkah 1173,Digital Goods
MCH-1175,Toko Jaya 1174,Retail
MCH-1176,Toko Maju 1175,nan
MCH-1177,Toko Berkah 1176,F&B
MCH-1178,Toko Jaya 1177,Digital Goods
MCH-1179,Toko Jaya 1178,F&B
MCH-1180,Toko Jaya 1179,nan
MCH-1181,Toko Maju 1180,Transportation
MCH-1182,Toko Lancar 1181,F&B
MCH-1183,Toko Berkah 1182,Retail
MCH-1184,Toko Makmur 1183,F&B
MCH-1185,Toko Jaya 1184,Digital Goods
MCH-1186,Toko Makmur 1185,F&B
MCH-1187,Toko Lancar 1186,F&B
MCH-1188,Toko Jaya 1187,Retail
MCH-1189,Toko Berkah 1188,F&B
MCH-1190,Toko Berkah 1189,Retail
MCH-1191,Toko Makmur 1190,Digital Goods
MCH-1192,Toko Lancar 1191,Retail
MCH-1193,Toko Berkah 1192,F&B
MCH-1194,Toko Makmur 1193,Retail
MCH-1195,Toko Makmur 1194,Transportation
MCH-1196,Toko Jaya 1195,Retail
MCH-1197,Toko Jaya 1196,F&B
MCH-1198,Toko Lancar 1197,nan
MCH-1199,Toko Maju 1198,Transportation
MCH-1200,Toko Maju 1199,Transportation
MCH-1201,Toko Lancar 1200,Retail
MCH-1202,Toko Maju 1201,Retail
MCH-1203,Toko Berkah 1202,Retail
MCH-1204,Toko Jaya 1203,Retail
MCH-1205,Toko Lancar 1204,Digital Goods
MCH-1206,Toko Makmur 1205,F&B
MCH-1207,Toko Jaya 1206,Retail
MCH-1208,Toko Maju 1207,Retail
MCH-1209,Toko Berkah 1208,Digital Goods
MCH-1210,Toko Maju 1209,F&B
MCH-1211,Toko Maju 1210,nan
MCH-1212,Toko Lancar 1211,Retail
MCH-1213,Toko Berkah 1212,nan
MCH-1214,Toko Jaya 1213,Retail
MCH-1215,Toko Lancar 1214,nan
MCH-1216,Toko Maju 1215,Retail
MCH-1217,Toko Berkah 1216,Retail
MCH-1218,Toko Berkah 1217,Retail
MCH-1219,Toko Makmur 1218,F&B
MCH-1220,Toko Berkah 1219,Transportation
MCH-1221,Toko Makmur 1220,F&B
MCH-1222,Toko Jaya 1221,Digital Goods
MCH-1223,Toko Lancar 1222,F&B
MCH-1224,Toko Makmur 1223,F&B
MCH-1225,Toko Berkah 1224,F&B
MCH-1226,Toko Maju 1225,nan
MCH-1227,Toko Lancar 1226,F&B
MCH-1228,Toko Jaya 1227,Retail
MCH-1229,Toko Maju 1228,Retail
MCH-1230,Toko Maju 1229,F&B
MCH-1231,Toko Berkah 1230,Retail
MCH-1232,Toko Berkah 1231,Retail
MCH-1233,Toko Lancar 1232,Retail
MCH-1234,Toko Jaya 1233,Digital Goods
MCH-1235,Toko Makmur 1234,F&B
MCH-1236,Toko Berkah 1235,F&B
MCH-1237,Toko Maju 1236,nan
MCH-1238,Toko Maju 1237,Digital Goods
MCH-1239,Toko Maju 1238,F&B
MCH-1240,Toko Berkah 1239,F&B
MCH-1241,Toko Jaya 1240,Retail
MCH-1242,Toko Berkah 1241,Retail
MCH-1243,Toko Makmur 1242,Transportation
MCH-1244,Toko Makmur 1243,Digital Goods
MCH-1245,Toko Maju 1244,Retail
MCH-1246,Toko Berkah 1245,Retail
MCH-1247,Toko Maju 1246,F&B
MCH-1248,Toko Lancar 1247,F&B
MCH-1249,Toko Makmur 1248,Retail
MCH-1250,Toko Maju 1249,F&B
MCH-1251,Toko Jaya 1250,F&B
MCH-1252,Toko Jaya 1251,Retail
MCH-1253,Toko Lancar 1252,F&B
MCH-1254,Toko Makmur 1253,Digital Goods
MCH-1255,Toko Makmur 1254,Digital Goods
MCH-1256,Toko Jaya 1255,F&B
MCH-1257,Toko Berkah 1256,Retail
MCH-1258,Toko Lancar 1257,F&B
MCH-1259,Toko Lancar 1258,F&B
MCH-1260,Toko Lancar 1259,F&B
MCH-1261,Toko Makmur 1260,F&B
MCH-1262,Toko Makmur 1261,Retail
MCH-1263,Toko Lancar 1262,F&B
MCH-1264,Toko Berkah 1263,F&B
MCH-1265,Toko Lancar 1264,Digital Goods
MCH-1266,Toko Lancar 1265,Transportation
MCH-1267,Toko Lancar 1266,Digital Goods
MCH-1268,Toko Makmur 1267,Digital Goods
MCH-1269,Toko Lancar 1268,F&B
MCH-1270,Toko Makmur 1269,Retail
MCH-1271,Toko Berkah 1270,Digital Goods
MCH-1272,Toko Berkah 1271,F&B
MCH-1273,Toko Berkah 1272,Retail
MCH-1274,Toko Berkah 1273,Retail
MCH-1275,Toko Jaya 1274,Retail
MCH-1276,Toko Lancar 1275,Retail
MCH-1277,Toko Berkah 1276,Retail
MCH-1278,Toko Jaya 1277,Digital Goods
MCH-1279,Toko Maju 1278,F&B
MCH-1280,Toko Berkah 1279,F&B
MCH-1281,Toko Berkah 1280,Retail
MCH-1282,Toko Lancar 1281,F&B
MCH-1283,Toko Maju 1282,Retail
MCH-1284,Toko Jaya 1283,F&B
MCH-1285,Toko Lancar 1284,Digital Goods
MCH-1286,Toko Berkah 1285,Retail
MCH-1287,Toko Berkah 1286,F&B
MCH-1288,Toko Jaya 1287,F&B
MCH-1289,Toko Makmur 1288,F&B
MCH-1290,Toko Maju 1289,Digital Goods
MCH-1291,Toko Lancar 1290,F&B
MCH-1292,Toko Berkah 1291,Retail
MCH-1293,Toko Jaya 1292,Digital Goods
MCH-1294,Toko Maju 1293,Retail
MCH-1295,Toko Berkah 1294,Digital Goods
MCH-1296,Toko Maju 1295,Retail
MCH-1297,Toko Jaya 1296,Retail
MCH-1298,Toko Jaya 1297,Digital Goods
MCH-1299,Toko Lancar 1298,Retail
MCH-1300,Toko Maju 1299,Retail
MCH-1301,Toko Lancar 1300,F&B
MCH-1302,Toko Makmur 1301,Transportation
MCH-1303,Toko Jaya 1302,Retail
MCH-1304,Toko Makmur 1303,Retail
MCH-1305,Toko Maju 1304,Digital Goods
MCH-1306,Toko Jaya 1305,Retail
MCH-1307,Toko Lancar 1306,Retail
MCH-1308,Toko Berkah 1307,Retail
MCH-1309,Toko Berkah 1308,Digital Goods
MCH-1310,Toko Jaya 1309,Retail
MCH-1311,Toko Lancar 1310,Digital Goods
MCH-1312,Toko Makmur 1311,F&B
MCH-1313,Toko Lancar 1312,F&B
MCH-1314,Toko Jaya 1313,Digital Goods
MCH-1315,Toko Jaya 1314,F&B
MCH-1316,Toko Lancar 1315,Transportation
MCH-1317,Toko Jaya 1316,Transportation
MCH-1318,Toko Makmur 1317,Retail
MCH-1319,Toko Makmur 1318,Retail
MCH-1320,Toko Jaya 1319,F&B
MCH-1321,Toko Lancar 1320,Retail
MCH-1322,Toko Makmur 1321,Retail
MCH-1323,Toko Berkah 1322,F&B
MCH-1324,Toko Lancar 1323,Digital Goods
MCH-1325,Toko Berkah 1324,Retail
MCH-1326,Toko Berkah 1325,F&B
MCH-1327,Toko Makmur 1326,Retail
MCH-1328,Toko Makmur 1327,Retail
MCH-1329,Toko Berkah 1328,Retail
MCH-1330,Toko Lancar 1329,F&B
MCH-1331,Toko Maju 1330,F&B
MCH-1332,Toko Maju 1331,Digital Goods
MCH-1333,Toko Jaya 1332,Retail
MCH-1334,Toko Maju 1333,Retail
MCH-1335,Toko Maju 1334,Transportation
MCH-1336,Toko Lancar 1335,Digital Goods
MCH-1337,Toko Makmur 1336,F&B
MCH-1338,Toko Lancar 1337,Retail
MCH-1339,Toko Maju 1338,Retail
MCH-1340,Toko Berkah 1339,Retail
MCH-1341,Toko Lancar 1340,Retail
MCH-1342,Toko Maju 1341,Retail
MCH-1343,Toko Jaya 1342,Retail
MCH-1344,Toko Lancar 1343,Retail
MCH-1345,Toko Berkah 1344,F&B
MCH-1346,Toko Maju 1345,F&B
MCH-1347,Toko Maju 1346,Digital Goods
MCH-1348,Toko Berkah 1347,F&B
MCH-1349,Toko Berkah 1348,Digital Goods
MCH-1350,Toko Berkah 1349,F&B
MCH-1351,Toko Makmur 1350,F&B
MCH-1352,Toko Jaya 1351,Digital Goods
MCH-1353,Toko Jaya 1352,F&B
MCH-1354,Toko Jaya 1353,F&B
MCH-1355,Toko Maju 1354,F&B
MCH-1356,Toko Makmur 1355,Transportation
MCH-1357,Toko Maju 1356,Digital Goods
MCH-1358,Toko Lancar 1357,Retail
MCH-1359,Toko Lancar 1358,F&B
MCH-1360,Toko Makmur 1359,F&B
MCH-1361,Toko Maju 1360,Digital Goods
MCH-1362,Toko Jaya 1361,Retail
MCH-1363,Toko Maju 1362,nan
MCH-1364,Toko Jaya 1363,F&B
MCH-1365,Toko Maju 1364,Transportation
MCH-1366,Toko Jaya 1365,Retail
MCH-1367,Toko Jaya 1366,nan
MCH-1368,Toko Jaya 1367,F&B
MCH-1369,Toko Maju 1368,Retail
MCH-1370,Toko Lancar 1369,F&B
MCH-1371,Toko Lancar 1370,F&B
MCH-1372,Toko Makmur 1371,F&B
MCH-1373,Toko Makmur 1372,Digital Goods
MCH-1374,Toko Maju 1373,F&B
MCH-1375,Toko Berkah 1374,Retail
MCH-1376,Toko Maju 1375,Digital Goods
MCH-1377,Toko Jaya 1376,F&B
MCH-1378,Toko Makmur 1377,Retail
MCH-1379,Toko Berkah 1378,nan
MCH-1380,Toko Berkah 1379,F&B
MCH-1381,Toko Berkah 1380,Retail
MCH-1382,Toko Jaya 1381,F&B
MCH-1383,Toko Lancar 1382,nan
MCH-1384,Toko Jaya 1383,Transportation
MCH-1385,Toko Jaya 1384,nan
MCH-1386,Toko Lancar 1385,Digital Goods
MCH-1387,Toko Lancar 1386,Digital Goods
MCH-1388,Toko Maju 1387,Retail
MCH-1389,Toko Jaya 1388,F&B
MCH-1390,Toko Lancar 1389,F&B
MCH-1391,Toko Lancar 1390,F&B
MCH-1392,Toko Berkah 1391,F&B
MCH-1393,Toko Jaya 1392,Transportation
MCH-1394,Toko Maju 1393,Digital Goods
MCH-1395,Toko Jaya 1394,Retail
MCH-1396,Toko Jaya 1395,Digital Goods
MCH-1397,Toko Makmur 1396,Transportation
MCH-1398,Toko Makmur 1397,F&B
MCH-1399,Toko Lancar 1398,F&B
MCH-1400,Toko Maju 1399,F&B
MCH-1401,Toko Maju 1400,Retail
MCH-1402,Toko Makmur 1401,F&B
MCH-1403,Toko Jaya 1402,F&B
MCH-1404,Toko Lancar 1403,F&B
MCH-1405,Toko Lancar 1404,Retail
MCH-1406,Toko Berkah 1405,Retail
MCH-1407,Toko Jaya 1406,Retail
MCH-1408,Toko Makmur 1407,F&B
MCH-1409,Toko Berkah 1408,F&B
MCH-1410,Toko Makmur 1409,F&B
MCH-1411,Toko Lancar 1410,Retail
MCH-1412,Toko Berkah 1411,Transportation
MCH-1413,Toko Makmur 1412,Digital Goods
MCH-1414,Toko Makmur 1413,Transportation
MCH-1415,Toko Lancar 1414,F&B
MCH-1416,Toko Jaya 1415,Retail
MCH-1417,Toko Lancar 1416,Retail
MCH-1418,Toko Jaya 1417,Transportation
MCH-1419,Toko Maju 1418,Digital Goods
MCH-1420,Toko Maju 1419,Digital Goods
MCH-1421,Toko Lancar 1420,Retail
MCH-1422,Toko Jaya 1421,Retail
MCH-1423,Toko Makmur 1422,F&B
MCH-1424,Toko Lancar 1423,F&B
MCH-1425,Toko Makmur 1424,Transportation
MCH-1426,Toko Makmur 1425,Retail
MCH-1427,Toko Maju 1426,F&B
MCH-1428,Toko Berkah 1427,Transportation
MCH-1429,Toko Lancar 1428,Retail
MCH-1430,Toko Lancar 1429,Retail
MCH-1431,Toko Berkah 1430,Retail
MCH-1432,Toko Makmur 1431,Transportation
MCH-1433,Toko Makmur 1432,Digital Goods
MCH-1434,Toko Makmur 1433,nan
MCH-1435,Toko Berkah 1434,Transportation
MCH-1436,Toko Jaya 1435,Retail
MCH-1437,Toko Lancar 1436,F&B
MCH-1438,Toko Makmur 1437,Retail
MCH-1439,Toko Jaya 1438,F&B
MCH-1440,Toko Makmur 1439,F&B
MCH-1441,Toko Maju 1440,nan
MCH-1442,Toko Lancar 1441,F&B
MCH-1443,Toko Makmur 1442,Retail
MCH-1444,Toko Maju 1443,F&B
MCH-1445,Toko Berkah 1444,Transportation
MCH-1446,Toko Makmur 1445,Digital Goods
MCH-1447,Toko Jaya 1446,Retail
MCH-1448,Toko Lancar 1447,Transportation
MCH-1449,Toko Lancar 1448,nan
MCH-1450,Toko Lancar 1449,Digital Goods
MCH-1451,Toko Lancar 1450,Digital Goods
MCH-1452,Toko Jaya 1451,Retail
MCH-1453,Toko Lancar 1452,Digital Goods
MCH-1454,Toko Maju 1453,Retail
MCH-1455,Toko Makmur 1454,F&B
MCH-1456,Toko Makmur 1455,Digital Goods
MCH-1457,Toko Jaya 1456,F&B
MCH-1458,Toko Makmur 1457,F&B
MCH-1459,Toko Jaya 1458,Retail
MCH-1460,Toko Lancar 1459,nan
MCH-1461,Toko Jaya 1460,F&B
MCH-1462,Toko Lancar 1461,F&B
MCH-1463,Toko Lancar 1462,F&B
MCH-1464,Toko Berkah 1463,Transportation
MCH-1465,Toko Jaya 1464,F&B
MCH-1466,Toko Berkah 1465,Retail
MCH-1467,Toko Makmur 1466,F&B
MCH-1468,Toko Berkah 1467,F&B
MCH-1469,Toko Maju 1468,Retail
MCH-1470,Toko Berkah 1469,F&B
MCH-1471,Toko Berkah 1470,F&B
MCH-1472,Toko Makmur 1471,Digital Goods
MCH-1473,Toko Jaya 1472,Transportation
MCH-1474,Toko Berkah 1473,Digital Goods
MCH-1475,Toko Berkah 1474,F&B
MCH-1476,Toko Maju 1475,Retail
MCH-1477,Toko Makmur 1476,F&B
MCH-1478,Toko Jaya 1477,F&B
MCH-1479,Toko Lancar 1478,Transportation
MCH-1480,Toko Makmur 1479,Retail
MCH-1481,Toko Jaya 1480,F&B
MCH-1482,Toko Lancar 1481,F&B
MCH-1483,Toko Berkah 1482,F&B
MCH-1484,Toko Makmur 1483,F&B
MCH-1485,Toko Lancar 1484,Retail
MCH-1486,Toko Makmur 1485,F&B
MCH-1487,Toko Jaya 1486,Retail
MCH-1488,Toko Jaya 1487,Retail
MCH-1489,Toko Jaya 1488,F&B
MCH-1490,Toko Jaya 1489,Transportation
MCH-1491,Toko Lancar 1490,F&B
MCH-1492,Toko Berkah 1491,Retail
MCH-1493,Toko Lancar 1492,F&B
MCH-1494,Toko Jaya 1493,Digital Goods
MCH-1495,Toko Jaya 1494,Digital Goods
MCH-1496,Toko Maju 1495,F&B
MCH-1497,Toko Makmur 1496,Retail
MCH-1498,Toko Makmur 1497,Retail
MCH-1499,Toko Lancar 1498,Retail
MCH-1500,Toko Berkah 1499,Digital Goods
MCH-1501,Toko Lancar 1500,Digital Goods
MCH-1502,Toko Makmur 1501,Digital Goods
MCH-1503,Toko Makmur 1502,F&B
MCH-1504,Toko Maju 1503,Transportation
MCH-1505,Toko Makmur 1504,F&B
MCH-1506,Toko Maju 1505,F&B
MCH-1507,Toko Lancar 1506,Retail
MCH-1508,Toko Makmur 1507,F&B
MCH-1509,Toko Berkah 1508,F&B
MCH-1510,Toko Makmur 1509,F&B
MCH-1511,Toko Lancar 1510,F&B
MCH-1512,Toko Berkah 1511,Digital Goods
MCH-1513,Toko Makmur 1512,F&B
MCH-1514,Toko Maju 1513,F&B
MCH-1515,Toko Berkah 1514,nan
MCH-1516,Toko Jaya 1515,nan
MCH-1517,Toko Berkah 1516,Retail
MCH-1518,Toko Berkah 1517,F&B
MCH-1519,Toko Makmur 1518,Transportation
MCH-1520,Toko Makmur 1519,F&B
MCH-1521,Toko Maju 1520,F&B
MCH-1522,Toko Lancar 1521,F&B
MCH-1523,Toko Maju 1522,Retail
MCH-1524,Toko Berkah 1523,F&B
MCH-1525,Toko Maju 1524,F&B
MCH-1526,Toko Jaya 1525,Retail
MCH-1527,Toko Lancar 1526,Retail
MCH-1528,Toko Jaya 1527,F&B
MCH-1529,Toko Jaya 1528,F&B
MCH-1530,Toko Berkah 1529,Digital Goods
MCH-1531,Toko Maju 1530,F&B
MCH-1532,Toko Maju 1531,F&B
MCH-1533,Toko Jaya 1532,Retail
MCH-1534,Toko Makmur 1533,Digital Goods
MCH-1535,Toko Makmur 1534,Digital Goods
MCH-1536,Toko Makmur 1535,Digital Goods
MCH-1537,Toko Jaya 1536,Transportation
MCH-1538,Toko Berkah 1537,nan
MCH-1539,Toko Makmur 1538,Retail
MCH-1540,Toko Lancar 1539,Retail
MCH-1541,Toko Jaya 1540,Transportation
MCH-1542,Toko Makmur 1541,F&B
MCH-1543,Toko Jaya 1542,F&B
MCH-1544,Toko Lancar 1543,F&B
MCH-1545,Toko Makmur 1544,Retail
MCH-1546,Toko Jaya 1545,F&B
MCH-1547,Toko Jaya 1546,F&B
MCH-1548,Toko Jaya 1547,Transportation
MCH-1549,Toko Jaya 1548,F&B
MCH-1550,Toko Jaya 1549,F&B
MCH-1551,Toko Jaya 1550,Transportation
MCH-1552,Toko Lancar 1551,F&B
MCH-1553,Toko Jaya 1552,Digital Goods
MCH-1554,Toko Berkah 1553,Retail
MCH-1555,Toko Maju 1554,Retail
MCH-1556,Toko Berkah 1555,Retail
MCH-1557,Toko Berkah 1556,F&B
MCH-1558,Toko Berkah 1557,Retail
MCH-1559,Toko Berkah 1558,Transportation
MCH-1560,Toko Jaya 1559,Retail
MCH-1561,Toko Maju 1560,F&B
MCH-1562,Toko Berkah 1561,Digital Goods
MCH-1563,Toko Jaya 1562,F&B
MCH-1564,Toko Maju 1563,Retail
MCH-1565,Toko Makmur 1564,F&B
MCH-1566,Toko Berkah 1565,nan
MCH-1567,Toko Jaya 1566,Retail
MCH-1568,Toko Maju 1567,F&B
MCH-1569,Toko Berkah 1568,F&B
MCH-1570,Toko Berkah 1569,F&B
MCH-1571,Toko Maju 1570,F&B
MCH-1572,Toko Maju 1571,Digital Goods
MCH-1573,Toko Makmur 1572,F&B
MCH-1574,Toko Berkah 1573,F&B
MCH-1575,Toko Makmur 1574,F&B
MCH-1576,Toko Jaya 1575,F&B
MCH-1577,Toko Lancar 1576,Transportation
MCH-1578,Toko Lancar 1577,F&B
MCH-1579,Toko Berkah 1578,F&B
MCH-1580,Toko Berkah 1579,Digital Goods
MCH-1581,Toko Makmur 1580,Retail
MCH-1582,Toko Berkah 1581,F&B
MCH-1583,Toko Jaya 1582,F&B
MCH-1584,Toko Makmur 1583,Retail
MCH-1585,Toko Berkah 1584,Transportation
MCH-1586,Toko Berkah 1585,Retail
MCH-1587,Toko Lancar 1586,F&B
MCH-1588,Toko Berkah 1587,F&B
MCH-1589,Toko Jaya 1588,F&B
MCH-1590,Toko Makmur 1589,Retail
MCH-1591,Toko Maju 1590,Digital Goods
MCH-1592,Toko Berkah 1591,Transportation
MCH-1593,Toko Maju 1592,F&B
MCH-1594,Toko Berkah 1593,F&B
MCH-1595,Toko Lancar 1594,Retail
MCH-1596,Toko Berkah 1595,Retail
MCH-1597,Toko Jaya 1596,F&B
MCH-1598,Toko Makmur 1597,Retail
MCH-1599,Toko Berkah 1598,Digital Goods
MCH-1600,Toko Makmur 1599,Retail
MCH-1601,Toko Makmur 1600,F&B
MCH-1602,Toko Lancar 1601,Digital Goods
MCH-1603,Toko Lancar 1602,F&B
MCH-1604,Toko Maju 1603,Retail
MCH-1605,Toko Lancar 1604,Transportation
MCH-1606,Toko Jaya 1605,F&B
MCH-1607,Toko Lancar 1606,F&B
MCH-1608,Toko Berkah 1607,Retail
MCH-1609,Toko Berkah 1608,F&B
MCH-1610,Toko Makmur 1609,F&B
MCH-1611,Toko Makmur 1610,Retail
MCH-1612,Toko Makmur 1611,Retail
MCH-1613,Toko Jaya 1612,F&B
MCH-1614,Toko Jaya 1613,Retail
MCH-1615,Toko Jaya 1614,Digital Goods
MCH-1616,Toko Jaya 1615,F&B
MCH-1617,Toko Berkah 1616,Retail
MCH-1618,Toko Maju 1617,F&B
MCH-1619,Toko Makmur 1618,nan
MCH-1620,Toko Makmur 1619,Retail
MCH-1621,Toko Lancar 1620,Transportation
MCH-1622,Toko Makmur 1621,F&B
MCH-1623,Toko Berkah 1622,Digital Goods
MCH-1624,Toko Makmur 1623,F&B
MCH-1625,Toko Makmur 1624,F&B
MCH-1626,Toko Maju 1625,Digital Goods
MCH-1627,Toko Maju 1626,Retail
MCH-1628,Toko Lancar 1627,F&B
MCH-1629,Toko Berkah 1628,F&B
MCH-1630,Toko Makmur 1629,F&B
MCH-1631,Toko Berkah 1630,F&B
MCH-1632,Toko Maju 1631,Retail
MCH-1633,Toko Jaya 1632,F&B
MCH-1634,Toko Makmur 1633,Retail
MCH-1635,Toko Lancar 1634,F&B
MCH-1636,Toko Lancar 1635,Retail
MCH-1637,Toko Maju 1636,Digital Goods
MCH-1638,Toko Lancar 1637,Digital Goods
MCH-1639,Toko Maju 1638,Digital Goods
MCH-1640,Toko Maju 1639,Retail
MCH-1641,Toko Maju 1640,F&B
MCH-1642,Toko Maju 1641,F&B
MCH-1643,Toko Jaya 1642,Digital Goods
MCH-1644,Toko Maju 1643,F&B
MCH-1645,Toko Maju 1644,F&B
MCH-1646,Toko Makmur 1645,Retail
MCH-1647,Toko Jaya 1646,Retail
MCH-1648,Toko Maju 1647,Retail
MCH-1649,Toko Berkah 1648,nan
MCH-1650,Toko Maju 1649,F&B
MCH-1651,Toko Berkah 1650,F&B
MCH-1652,Toko Berkah 1651,nan
MCH-1653,Toko Makmur 1652,Digital Goods
MCH-1654,Toko Maju 1653,F&B
MCH-1655,Toko Lancar 1654,Retail
MCH-1656,Toko Jaya 1655,Retail
MCH-1657,Toko Makmur 1656,F&B
MCH-1658,Toko Berkah 1657,F&B
MCH-1659,Toko Maju 1658,Transportation
MCH-1660,Toko Jaya 1659,Retail
MCH-1661,Toko Makmur 1660,F&B
MCH-1662,Toko Jaya 1661,Digital Goods
MCH-1663,Toko Lancar 1662,F&B
MCH-1664,Toko Berkah 1663,Digital Goods
MCH-1665,Toko Berkah 1664,Digital Goods
MCH-1666,Toko Jaya 1665,F&B
MCH-1667,Toko Jaya 1666,F&B
MCH-1668,Toko Berkah 1667,Retail
MCH-1669,Toko Lancar 1668,F&B
MCH-1670,Toko Berkah 1669,F&B
MCH-1671,Toko Maju 1670,Retail
MCH-1672,Toko Lancar 1671,Retail
MCH-1673,Toko Maju 1672,Retail
MCH-1674,Toko Makmur 1673,Transportation
MCH-1675,Toko Makmur 1674,Retail
MCH-1676,Toko Berkah 1675,Retail
MCH-1677,Toko Jaya 1676,F&B
MCH-1678,Toko Lancar 1677,F&B
MCH-1679,Toko Jaya 1678,Transportation
MCH-1680,Toko Maju 1679,F&B
MCH-1681,Toko Jaya 1680,Digital Goods
MCH-1682,Toko Maju 1681,F&B
MCH-1683,Toko Lancar 1682,nan
MCH-1684,Toko Lancar 1683,Digital Goods
MCH-1685,Toko Jaya 1684,F&B
MCH-1686,Toko Makmur 1685,F&B
MCH-1687,Toko Maju 1686,Retail
MCH-1688,Toko Maju 1687,Retail
MCH-1689,Toko Jaya 1688,Retail
MCH-1690,Toko Lancar 1689,Retail
MCH-1691,Toko Lancar 1690,F&B
MCH-1692,Toko Maju 1691,F&B
MCH-1693,Toko Makmur 1692,Digital Goods
MCH-1694,Toko Jaya 1693,F&B
MCH-1695,Toko Jaya 1694,Retail
MCH-1696,Toko Jaya 1695,F&B
MCH-1697,Toko Jaya 1696,Transportation
MCH-1698,Toko Maju 1697,F&B
MCH-1699,Toko Makmur 1698,Retail
MCH-1700,Toko Maju 1699,Retail
MCH-1701,Toko Jaya 1700,F&B
MCH-1702,Toko Berkah 1701,F&B
MCH-1703,Toko Maju 1702,F&B
MCH-1704,Toko Maju 1703,F&B
MCH-1705,Toko Berkah 1704,nan
MCH-1706,Toko Maju 1705,F&B
MCH-1707,Toko Maju 1706,nan
MCH-1708,Toko Jaya 1707,Digital Goods
MCH-1709,Toko Berkah 1708,F&B
MCH-1710,Toko Makmur 1709,F&B
MCH-1711,Toko Makmur 1710,nan
MCH-1712,Toko Jaya 1711,F&B
MCH-1713,Toko Maju 1712,Digital Goods
MCH-1714,Toko Lancar 1713,Transportation
MCH-1715,Toko Maju 1714,Digital Goods
MCH-1716,Toko Jaya 1715,Retail
MCH-1717,Toko Berkah 1716,Transportation
MCH-1718,Toko Berkah 1717,F&B
MCH-1719,Toko Makmur 1718,Retail
MCH-1720,Toko Berkah 1719,F&B
MCH-1721,Toko Lancar 1720,F&B
MCH-1722,Toko Berkah 1721,Digital Goods
MCH-1723,Toko Berkah 1722,F&B
MCH-1724,Toko Makmur 1723,F&B
MCH-1725,Toko Jaya 1724,F&B
MCH-1726,Toko Lancar 1725,F&B
MCH-1727,Toko Jaya 1726,Retail
MCH-1728,Toko Berkah 1727,F&B
MCH-1729,Toko Jaya 1728,F&B
MCH-1730,Toko Jaya 1729,Retail
MCH-1731,Toko Berkah 1730,nan
MCH-1732,Toko Maju 1731,Retail
MCH-1733,Toko Lancar 1732,F&B
MCH-1734,Toko Lancar 1733,Digital Goods
MCH-1735,Toko Maju 1734,Retail
MCH-1736,Toko Lancar 1735,F&B
MCH-1737,Toko Makmur 1736,F&B
MCH-1738,Toko Berkah 1737,Transportation
MCH-1739,Toko Berkah 1738,F&B
MCH-1740,Toko Maju 1739,Digital Goods
MCH-1741,Toko Maju 1740,Transportation
MCH-1742,Toko Lancar 1741,Transportation
MCH-1743,Toko Lancar 1742,Transportation
MCH-1744,Toko Makmur 1743,F&B
MCH-1745,Toko Makmur 1744,Retail
MCH-1746,Toko Lancar 1745,Retail
MCH-1747,Toko Makmur 1746,Digital Goods
MCH-1748,Toko Jaya 1747,F&B
MCH-1749,Toko Jaya 1748,Digital Goods
MCH-1750,Toko Lancar 1749,F&B
MCH-1751,Toko Lancar 1750,F&B
MCH-1752,Toko Makmur 1751,Digital Goods
MCH-1753,Toko Lancar 1752,Retail
MCH-1754,Toko Jaya 1753,F&B
MCH-1755,Toko Berkah 1754,F&B
MCH-1756,Toko Berkah 1755,Retail
MCH-1757,Toko Makmur 1756,Retail
MCH-1758,Toko Makmur 1757,nan
MCH-1759,Toko Berkah 1758,F&B
MCH-1760,Toko Maju 1759,Transportation
MCH-1761,Toko Maju 1760,Retail
MCH-1762,Toko Berkah 1761,Retail
MCH-1763,Toko Berkah 1762,Digital Goods
MCH-1764,Toko Makmur 1763,Digital Goods
MCH-1765,Toko Lancar 1764,F&B
MCH-1766,Toko Lancar 1765,F&B
MCH-1767,Toko Jaya 1766,Retail
MCH-1768,Toko Lancar 1767,Digital Goods
MCH-1769,Toko Maju 1768,F&B
MCH-1770,Toko Maju 1769,F&B
MCH-1771,Toko Lancar 1770,F&B
MCH-1772,Toko Jaya 1771,nan
MCH-1773,Toko Lancar 1772,nan
MCH-1774,Toko Berkah 1773,Retail
MCH-1775,Toko Maju 1774,Retail
MCH-1776,Toko Makmur 1775,Retail
MCH-1777,Toko Lancar 1776,F&B
MCH-1778,Toko Maju 1777,Digital Goods
MCH-1779,Toko Berkah 1778,F&B
MCH-1780,Toko Berkah 1779,F&B
MCH-1781,Toko Jaya 1780,Transportation
MCH-1782,Toko Jaya 1781,F&B
MCH-1783,Toko Maju 1782,Retail
MCH-1784,Toko Makmur 1783,F&B
MCH-1785,Toko Berkah 1784,F&B
MCH-1786,Toko Maju 1785,Digital Goods
MCH-1787,Toko Lancar 1786,F&B
MCH-1788,Toko Berkah 1787,Transportation
MCH-1789,Toko Makmur 1788,nan
MCH-1790,Toko Makmur 1789,F&B
MCH-1791,Toko Makmur 1790,Retail
MCH-1792,Toko Lancar 1791,Retail
MCH-1793,Toko Maju 1792,Digital Goods
MCH-1794,Toko Jaya 1793,Digital Goods
MCH-1795,Toko Maju 1794,Retail
MCH-1796,Toko Jaya 1795,F&B
MCH-1797,Toko Makmur 1796,Retail
MCH-1798,Toko Lancar 1797,F&B
MCH-1799,Toko Jaya 1798,F&B
MCH-1800,Toko Jaya 1799,Retail
MCH-1801,Toko Maju 1800,F&B
MCH-1802,Toko Makmur 1801,Retail
MCH-1803,Toko Jaya 1802,F&B
MCH-1804,Toko Jaya 1803,F&B
MCH-1805,Toko Berkah 1804,Retail
MCH-1806,Toko Maju 1805,F&B
MCH-1807,Toko Lancar 1806,F&B
MCH-1808,Toko Jaya 1807,Transportation
MCH-1809,Toko Lancar 1808,F&B
MCH-1810,Toko Makmur 1809,Digital Goods
MCH-1811,Toko Berkah 1810,Retail
MCH-1812,Toko Berkah 1811,Digital Goods
MCH-1813,Toko Lancar 1812,Transportation
MCH-1814,Toko Makmur 1813,F&B
MCH-1815,Toko Jaya 1814,F&B
MCH-1816,Toko Berkah 1815,Retail
MCH-1817,Toko Jaya 1816,F&B
MCH-1818,Toko Lancar 1817,F&B
MCH-1819,Toko Maju 1818,F&B
MCH-1820,Toko Berkah 1819,Retail
MCH-1821,Toko Jaya 1820,Retail
MCH-1822,Toko Makmur 1821,Digital Goods
MCH-1823,Toko Lancar 1822,F&B
MCH-1824,Toko Maju 1823,Digital Goods
MCH-1825,Toko Maju 1824,Transportation
MCH-1826,Toko Lancar 1825,Transportation
MCH-1827,Toko Maju 1826,nan
MCH-1828,Toko Jaya 1827,Retail
MCH-1829,Toko Jaya 1828,F&B
MCH-1830,Toko Makmur 1829,Digital Goods
MCH-1831,Toko Lancar 1830,F&B
MCH-1832,Toko Makmur 1831,Digital Goods
MCH-1833,Toko Makmur 1832,Retail
MCH-1834,Toko Berkah 1833,Digital Goods
MCH-1835,Toko Berkah 1834,F&B
MCH-1836,Toko Maju 1835,F&B
MCH-1837,Toko Berkah 1836,F&B
MCH-1838,Toko Jaya 1837,Retail
MCH-1839,Toko Maju 1838,Digital Goods
MCH-1840,Toko Jaya 1839,Retail
MCH-1841,Toko Berkah 1840,Retail
MCH-1842,Toko Makmur 1841,Retail
MCH-1843,Toko Lancar 1842,Digital Goods
MCH-1844,Toko Lancar 1843,F&B
MCH-1845,Toko Berkah 1844,Retail
MCH-1846,Toko Lancar 1845,Retail
MCH-1847,Toko Makmur 1846,Retail
MCH-1848,Toko Berkah 1847,Retail
MCH-1849,Toko Maju 1848,F&B
MCH-1850,Toko Jaya 1849,F&B
MCH-1851,Toko Jaya 1850,Transportation
MCH-1852,Toko Lancar 1851,F&B
MCH-1853,Toko Berkah 1852,Retail
MCH-1854,Toko Berkah 1853,F&B
MCH-1855,Toko Jaya 1854,Transportation
MCH-1856,Toko Berkah 1855,Retail
MCH-1857,Toko Berkah 1856,Retail
MCH-1858,Toko Lancar 1857,F&B
MCH-1859,Toko Maju 1858,Digital Goods
MCH-1860,Toko Makmur 1859,Transportation
MCH-1861,Toko Lancar 1860,Retail
MCH-1862,Toko Jaya 1861,Digital Goods
MCH-1863,Toko Berkah 1862,Digital Goods
MCH-1864,Toko Jaya 1863,F&B
MCH-1865,Toko Berkah 1864,Transportation
MCH-1866,Toko Berkah 1865,Digital Goods
MCH-1867,Toko Maju 1866,F&B
MCH-1868,Toko Makmur 1867,Retail
MCH-1869,Toko Berkah 1868,Retail
MCH-1870,Toko Jaya 1869,Digital Goods
MCH-1871,Toko Maju 1870,F&B
MCH-1872,Toko Jaya 1871,F&B
MCH-1873,Toko Maju 1872,Retail
MCH-1874,Toko Jaya 1873,Digital Goods
MCH-1875,Toko Lancar 1874,Retail
MCH-1876,Toko Berkah 1875,Transportation
MCH-1877,Toko Makmur 1876,nan
MCH-1878,Toko Berkah 1877,Retail
MCH-1879,Toko Jaya 1878,F&B
MCH-1880,Toko Berkah 1879,Transportation
MCH-1881,Toko Makmur 1880,Retail
MCH-1882,Toko Lancar 1881,Retail
MCH-1883,Toko Maju 1882,F&B
MCH-1884,Toko Makmur 1883,F&B
MCH-1885,Toko Makmur 1884,F&B
MCH-1886,Toko Lancar 1885,F&B
MCH-1887,Toko Makmur 1886,Retail
MCH-1888,Toko Berkah 1887,F&B
MCH-1889,Toko Berkah 1888,Transportation
MCH-1890,Toko Maju 1889,F&B
MCH-1891,Toko Berkah 1890,F&B
MCH-1892,Toko Berkah 1891,F&B
MCH-1893,Toko Lancar 1892,nan
MCH-1894,Toko Lancar 1893,Digital Goods
MCH-1895,Toko Lancar 1894,F&B
MCH-1896,Toko Makmur 1895,Transportation
MCH-1897,Toko Lancar 1896,Retail
MCH-1898,Toko Lancar 1897,Retail
MCH-1899,Toko Berkah 1898,F&B
MCH-1900,Toko Jaya 1899,F&B
MCH-1901,Toko Makmur 1900,Digital Goods
MCH-1902,Toko Maju 1901,Digital Goods
MCH-1903,Toko Jaya 1902,F&B
MCH-1904,Toko Maju 1903,Retail
MCH-1905,Toko Jaya 1904,F&B
MCH-1906,Toko Makmur 1905,F&B
MCH-1907,Toko Makmur 1906,Retail
MCH-1908,Toko Maju 1907,Retail
MCH-1909,Toko Maju 1908,F&B
MCH-1910,Toko Jaya 1909,F&B
MCH-1911,Toko Berkah 1910,Retail
MCH-1912,Toko Makmur 1911,Digital Goods
MCH-1913,Toko Lancar 1912,Retail
MCH-1914,Toko Jaya 1913,F&B
MCH-1915,Toko Jaya 1914,Digital Goods
MCH-1916,Toko Jaya 1915,Retail
MCH-1917,Toko Jaya 1916,Digital Goods
MCH-1918,Toko Berkah 1917,Transportation
MCH-1919,Toko Lancar 1918,F&B
MCH-1920,Toko Lancar 1919,Digital Goods
MCH-1921,Toko Jaya 1920,Digital Goods
MCH-1922,Toko Lancar 1921,F&B
MCH-1923,Toko Jaya 1922,Retail
MCH-1924,Toko Berkah 1923,F&B
MCH-1925,Toko Jaya 1924,Retail
MCH-1926,Toko Jaya 1925,F&B
MCH-1927,Toko Jaya 1926,F&B
MCH-1928,Toko Berkah 1927,F&B
MCH-1929,Toko Maju 1928,Retail
MCH-1930,Toko Makmur 1929,F&B
MCH-1931,Toko Jaya 1930,Digital Goods
MCH-1932,Toko Lancar 1931,Retail
MCH-1933,Toko Berkah 1932,Retail
MCH-1934,Toko Jaya 1933,F&B
MCH-1935,Toko Jaya 1934,Retail
MCH-1936,Toko Makmur 1935,Retail
MCH-1937,Toko Jaya 1936,F&B
MCH-1938,Toko Berkah 1937,Retail
MCH-1939,Toko Maju 1938,F&B
MCH-1940,Toko Jaya 1939,F&B
MCH-1941,Toko Berkah 1940,Retail
MCH-1942,Toko Jaya 1941,nan
MCH-1943,Toko Berkah 1942,Digital Goods
MCH-1944,Toko Jaya 1943,Retail
MCH-1945,Toko Makmur 1944,Digital Goods
MCH-1946,Toko Lancar 1945,F&B
MCH-1947,Toko Lancar 1946,Digital Goods
MCH-1948,Toko Berkah 1947,F&B
MCH-1949,Toko Makmur 1948,Retail
MCH-1950,Toko Makmur 1949,Retail
MCH-1951,Toko Berkah 1950,F&B
MCH-1952,Toko Jaya 1951,Transportation
MCH-1953,Toko Berkah 1952,Digital Goods
MCH-1954,Toko Jaya 1953,nan
MCH-1955,Toko Berkah 1954,Retail
MCH-1956,Toko Makmur 1955,Retail
MCH-1957,Toko Makmur 1956,Retail
MCH-1958,Toko Makmur 1957,Retail
MCH-1959,Toko Makmur 1958,Digital Goods
MCH-1960,Toko Maju 1959,Retail
MCH-1961,Toko Maju 1960,F&B
MCH-1962,Toko Jaya 1961,F&B
MCH-1963,Toko Lancar 1962,nan
MCH-1964,Toko Maju 1963,Digital Goods
MCH-1965,Toko Jaya 1964,nan
MCH-1966,Toko Berkah 1965,F&B
MCH-1967,Toko Berkah 1966,Digital Goods
MCH-1968,Toko Lancar 1967,F&B
MCH-1969,Toko Jaya 1968,F&B
MCH-1970,Toko Maju 1969,nan
MCH-1971,Toko Jaya 1970,Digital Goods
MCH-1972,Toko Lancar 1971,Retail
MCH-1973,Toko Berkah 1972,Retail
MCH-1974,Toko Berkah 1973,F&B
MCH-1975,Toko Maju 1974,Digital Goods
MCH-1976,Toko Makmur 1975,Digital Goods
MCH-1977,Toko Maju 1976,F&B
MCH-1978,Toko Lancar 1977,Retail
MCH-1979,Toko Makmur 1978,F&B
MCH-1980,Toko Lancar 1979,Retail
MCH-1981,Toko Makmur 1980,Retail
MCH-1982,Toko Maju 1981,Digital Goods
MCH-1983,Toko Maju 1982,Digital Goods
MCH-1984,Toko Berkah 1983,Digital Goods
MCH-1985,Toko Maju 1984,Digital Goods
MCH-1986,Toko Lancar 1985,Digital Goods
MCH-1987,Toko Makmur 1986,F&B
MCH-1988,Toko Maju 1987,F&B
MCH-1989,Toko Berkah 1988,F&B
MCH-1990,Toko Maju 1989,F&B
MCH-1991,Toko Berkah 1990,F&B
MCH-1992,Toko Berkah 1991,F&B
MCH-1993,Toko Berkah 1992,F&B
MCH-1994,Toko Maju 1993,Retail
MCH-1995,Toko Makmur 1994,nan
MCH-1996,Toko Jaya 1995,Retail
MCH-1997,Toko Makmur 1996,F&B
MCH-1998,Toko Maju 1997,Digital Goods
MCH-1999,Toko Makmur 1998,Retail
MCH-2000,Toko Jaya 1999,Retail
MCH-2001,Toko Jaya 2000,Retail
MCH-2002,Toko Jaya 2001,Retail
MCH-2003,Toko Lancar 2002,F&B
MCH-2004,Toko Makmur 2003,F&B
MCH-2005,Toko Berkah 2004,Retail
MCH-2006,Toko Lancar 2005,Retail
MCH-2007,Toko Lancar 2006,Retail
MCH-2008,Toko Makmur 2007,Retail
MCH-2009,Toko Maju 2008,F&B
MCH-2010,Toko Makmur 2009,Digital Goods
MCH-2011,Toko Lancar 2010,nan
MCH-2012,Toko Makmur 2011,Retail
MCH-2013,Toko Lancar 2012,F&B
MCH-2014,Toko Makmur 2013,F&B
MCH-2015,Toko Makmur 2014,F&B
MCH-2016,Toko Jaya 2015,nan
MCH-2017,Toko Berkah 2016,Retail
MCH-2018,Toko Jaya 2017,F&B
MCH-2019,Toko Maju 2018,Retail
MCH-2020,Toko Makmur 2019,F&B
MCH-2021,Toko Maju 2020,F&B
MCH-2022,Toko Lancar 2021,Transportation
MCH-2023,Toko Lancar 2022,Digital Goods
MCH-2024,Toko Lancar 2023,F&B
MCH-2025,Toko Lancar 2024,Retail
MCH-2026,Toko Maju 2025,Retail
MCH-2027,Toko Makmur 2026,F&B
MCH-2028,Toko Makmur 2027,Digital Goods
MCH-2029,Toko Jaya 2028,F&B
MCH-2030,Toko Maju 2029,F&B
MCH-2031,Toko Maju 2030,Retail
MCH-2032,Toko Jaya 2031,Retail
MCH-2033,Toko Berkah 2032,F&B
MCH-2034,Toko Maju 2033,Retail
MCH-2035,Toko Maju 2034,F&B
MCH-2036,Toko Maju 2035,Retail
MCH-2037,Toko Maju 2036,F&B
MCH-2038,Toko Lancar 2037,F&B
MCH-2039,Toko Maju 2038,Digital Goods
MCH-2040,Toko Lancar 2039,Digital Goods
MCH-2041,Toko Makmur 2040,Digital Goods
MCH-2042,Toko Lancar 2041,F&B
MCH-2043,Toko Lancar 2042,Retail
MCH-2044,Toko Jaya 2043,Digital Goods
MCH-2045,Toko Jaya 2044,Digital Goods
MCH-2046,Toko Lancar 2045,F&B
MCH-2047,Toko Jaya 2046,F&B
MCH-2048,Toko Maju 2047,Retail
MCH-2049,Toko Jaya 2048,Retail
MCH-2050,Toko Maju 2049,Digital Goods
MCH-2051,Toko Lancar 2050,F&B
MCH-2052,Toko Jaya 2051,Retail
MCH-2053,Toko Makmur 2052,Transportation
MCH-2054,Toko Lancar 2053,Retail
MCH-2055,Toko Berkah 2054,Retail
MCH-2056,Toko Jaya 2055,Transportation
MCH-2057,Toko Jaya 2056,Retail
MCH-2058,Toko Maju 2057,Retail
MCH-2059,Toko Berkah 2058,F&B
MCH-2060,Toko Makmur 2059,Retail
MCH-2061,Toko Lancar 2060,F&B
MCH-2062,Toko Berkah 2061,F&B
MCH-2063,Toko Lancar 2062,F&B
MCH-2064,Toko Jaya 2063,Retail
MCH-2065,Toko Makmur 2064,F&B
MCH-2066,Toko Maju 2065,F&B
MCH-2067,Toko Berkah 2066,F&B
MCH-2068,Toko Jaya 2067,Retail
MCH-2069,Toko Jaya 2068,F&B
MCH-2070,Toko Lancar 2069,F&B
MCH-2071,Toko Lancar 2070,Retail
MCH-2072,Toko Maju 2071,F&B
MCH-2073,Toko Makmur 2072,F&B
MCH-2074,Toko Berkah 2073,Retail
MCH-2075,Toko Berkah 2074,F&B
MCH-2076,Toko Makmur 2075,F&B
MCH-2077,Toko Lancar 2076,F&B
MCH-2078,Toko Berkah 2077,Retail
MCH-2079,Toko Lancar 2078,Retail
MCH-2080,Toko Maju 2079,Retail
MCH-2081,Toko Jaya 2080,F&B
MCH-2082,Toko Makmur 2081,Digital Goods
MCH-2083,Toko Makmur 2082,F&B
MCH-2084,Toko Jaya 2083,F&B
MCH-2085,Toko Jaya 2084,Retail
MCH-2086,Toko Makmur 2085,nan
MCH-2087,Toko Makmur 2086,F&B
MCH-2088,Toko Lancar 2087,Retail
MCH-2089,Toko Jaya 2088,nan
MCH-2090,Toko Maju 2089,F&B
MCH-2091,Toko Lancar 2090,Digital Goods
MCH-2092,Toko Berkah 2091,Digital Goods
MCH-2093,Toko Makmur 2092,nan
MCH-2094,Toko Makmur 2093,Retail
MCH-2095,Toko Jaya 2094,F&B
MCH-2096,Toko Lancar 2095,F&B
MCH-2097,Toko Makmur 2096,F&B
MCH-2098,Toko Makmur 2097,F&B
MCH-2099,Toko Jaya 2098,nan
MCH-2100,Toko Berkah 2099,Retail
MCH-2101,Toko Maju 2100,Retail
MCH-2102,Toko Lancar 2101,F&B
MCH-2103,Toko Lancar 2102,Digital Goods
MCH-2104,Toko Makmur 2103,Digital Goods
MCH-2105,Toko Makmur 2104,F&B
MCH-2106,Toko Maju 2105,F&B
MCH-2107,Toko Jaya 2106,Retail
MCH-2108,Toko Berkah 2107,F&B
MCH-2109,Toko Berkah 2108,F&B
MCH-2110,Toko Makmur 2109,Retail
MCH-2111,Toko Jaya 2110,F&B
MCH-2112,Toko Makmur 2111,F&B
MCH-2113,Toko Berkah 2112,Transportation
MCH-2114,Toko Maju 2113,Retail
MCH-2115,Toko Lancar 2114,Digital Goods
MCH-2116,Toko Jaya 2115,F&B
MCH-2117,Toko Jaya 2116,Transportation
MCH-2118,Toko Lancar 2117,Retail
MCH-2119,Toko Makmur 2118,F&B
MCH-2120,Toko Jaya 2119,F&B
MCH-2121,Toko Lancar 2120,F&B
MCH-2122,Toko Jaya 2121,F&B
MCH-2123,Toko Berkah 2122,nan
MCH-2124,Toko Maju 2123,F&B
MCH-2125,Toko Berkah 2124,F&B
MCH-2126,Toko Maju 2125,F&B
MCH-2127,Toko Berkah 2126,Digital Goods
MCH-2128,Toko Lancar 2127,nan
MCH-2129,Toko Makmur 2128,F&B
MCH-2130,Toko Makmur 2129,Transportation
MCH-2131,Toko Berkah 2130,Retail
MCH-2132,Toko Jaya 2131,nan
MCH-2133,Toko Makmur 2132,Digital Goods
MCH-2134,Toko Berkah 2133,Retail
MCH-2135,Toko Lancar 2134,Retail
MCH-2136,Toko Makmur 2135,Retail
MCH-2137,Toko Jaya 2136,Digital Goods
MCH-2138,Toko Lancar 2137,Retail
MCH-2139,Toko Berkah 2138,F&B
MCH-2140,Toko Jaya 2139,Transportation
MCH-2141,Toko Berkah 2140,F&B
MCH-2142,Toko Maju 2141,Transportation
MCH-2143,Toko Maju 2142,Retail
MCH-2144,Toko Lancar 2143,Retail
MCH-2145,Toko Berkah 2144,Retail
MCH-2146,Toko Maju 2145,nan
MCH-2147,Toko Berkah 2146,Digital Goods
MCH-2148,Toko Jaya 2147,Transportation
MCH-2149,Toko Makmur 2148,F&B
MCH-2150,Toko Lancar 2149,Retail
MCH-2151,Toko Maju 2150,F&B
MCH-2152,Toko Lancar 2151,Retail
MCH-2153,Toko Jaya 2152,Retail
MCH-2154,Toko Lancar 2153,F&B
MCH-2155,Toko Maju 2154,F&B
MCH-2156,Toko Maju 2155,F&B
MCH-2157,Toko Jaya 2156,F&B
MCH-2158,Toko Jaya 2157,Digital Goods
MCH-2159,Toko Makmur 2158,F&B
MCH-2160,Toko Maju 2159,Retail
MCH-2161,Toko Lancar 2160,nan
MCH-2162,Toko Berkah 2161,Transportation
MCH-2163,Toko Lancar 2162,F&B
MCH-2164,Toko Jaya 2163,Retail
MCH-2165,Toko Berkah 2164,Transportation
MCH-2166,Toko Lancar 2165,Transportation
MCH-2167,Toko Maju 2166,Retail
MCH-2168,Toko Jaya 2167,F&B
MCH-2169,Toko Lancar 2168,Digital Goods
MCH-2170,Toko Jaya 2169,F&B
MCH-2171,Toko Makmur 2170,Digital Goods
MCH-2172,Toko Jaya 2171,F&B
MCH-2173,Toko Berkah 2172,Digital Goods
MCH-2174,Toko Berkah 2173,Retail
MCH-2175,Toko Maju 2174,F&B
MCH-2176,Toko Maju 2175,F&B
MCH-2177,Toko Makmur 2176,Retail
MCH-2178,Toko Lancar 2177,F&B
MCH-2179,Toko Makmur 2178,Retail
MCH-2180,Toko Maju 2179,Digital Goods
MCH-2181,Toko Lancar 2180,Digital Goods
MCH-2182,Toko Jaya 2181,F&B
MCH-2183,Toko Maju 2182,Digital Goods
MCH-2184,Toko Berkah 2183,F&B
MCH-2185,Toko Makmur 2184,F&B
MCH-2186,Toko Makmur 2185,F&B
MCH-2187,Toko Jaya 2186,Retail
MCH-2188,Toko Makmur 2187,F&B
MCH-2189,Toko Lancar 2188,Digital Goods
MCH-2190,Toko Maju 2189,Digital Goods
MCH-2191,Toko Jaya 2190,F&B
MCH-2192,Toko Maju 2191,Retail
MCH-2193,Toko Lancar 2192,F&B
MCH-2194,Toko Makmur 2193,Retail
MCH-2195,Toko Maju 2194,Retail
MCH-2196,Toko Lancar 2195,Retail
MCH-2197,Toko Berkah 2196,F&B
MCH-2198,Toko Berkah 2197,F&B
MCH-2199,Toko Jaya 2198,F&B
MCH-2200,Toko Jaya 2199,F&B
MCH-2201,Toko Maju 2200,Retail
MCH-2202,Toko Makmur 2201,Retail
MCH-2203,Toko Maju 2202,F&B
MCH-2204,Toko Maju 2203,Retail
MCH-2205,Toko Jaya 2204,F&B
MCH-2206,Toko Maju 2205,Retail
MCH-2207,Toko Berkah 2206,Digital Goods
MCH-2208,Toko Lancar 2207,nan
MCH-2209,Toko Lancar 2208,Retail
MCH-2210,Toko Makmur 2209,F&B
MCH-2211,Toko Jaya 2210,nan
MCH-2212,Toko Lancar 2211,F&B
MCH-2213,Toko Berkah 2212,F&B
MCH-2214,Toko Makmur 2213,F&B
MCH-2215,Toko Lancar 2214,Transportation
MCH-2216,Toko Jaya 2215,Retail
MCH-2217,Toko Jaya 2216,Retail
MCH-2218,Toko Makmur 2217,F&B
MCH-2219,Toko Maju 2218,Transportation
MCH-2220,Toko Jaya 2219,F&B
MCH-2221,Toko Berkah 2220,F&B
MCH-2222,Toko Lancar 2221,F&B
MCH-2223,Toko Lancar 2222,nan
MCH-2224,Toko Lancar 2223,Digital Goods
MCH-2225,Toko Lancar 2224,Transportation
MCH-2226,Toko Berkah 2225,Retail
MCH-2227,Toko Jaya 2226,Retail
MCH-2228,Toko Maju 2227,F&B
MCH-2229,Toko Maju 2228,Retail
MCH-2230,Toko Lancar 2229,Retail
MCH-2231,Toko Maju 2230,nan
MCH-2232,Toko Lancar 2231,Digital Goods
MCH-2233,Toko Maju 2232,Retail
MCH-2234,Toko Berkah 2233,Retail
MCH-2235,Toko Lancar 2234,F&B
MCH-2236,Toko Jaya 2235,F&B
MCH-2237,Toko Jaya 2236,Retail
MCH-2238,Toko Lancar 2237,F&B
MCH-2239,Toko Makmur 2238,Digital Goods
MCH-2240,Toko Makmur 2239,Retail
MCH-2241,Toko Jaya 2240,Digital Goods
MCH-2242,Toko Maju 2241,Transportation
MCH-2243,Toko Jaya 2242,Transportation
MCH-2244,Toko Jaya 2243,F&B
MCH-2245,Toko Berkah 2244,Retail
MCH-2246,Toko Berkah 2245,Digital Goods
MCH-2247,Toko Lancar 2246,nan
MCH-2248,Toko Jaya 2247,Retail
MCH-2249,Toko Lancar 2248,Transportation
MCH-2250,Toko Lancar 2249,Retail
MCH-2251,Toko Jaya 2250,Digital Goods
MCH-2252,Toko Makmur 2251,F&B
MCH-2253,Toko Jaya 2252,F&B
MCH-2254,Toko Maju 2253,F&B
MCH-2255,Toko Berkah 2254,Retail
MCH-2256,Toko Lancar 2255,Retail
MCH-2257,Toko Jaya 2256,Digital Goods
MCH-2258,Toko Maju 2257,F&B
MCH-2259,Toko Lancar 2258,Retail
MCH-2260,Toko Maju 2259,Retail
MCH-2261,Toko Maju 2260,Retail
MCH-2262,Toko Berkah 2261,Retail
MCH-2263,Toko Makmur 2262,F&B
MCH-2264,Toko Lancar 2263,Retail
MCH-2265,Toko Lancar 2264,Digital Goods
MCH-2266,Toko Makmur 2265,Digital Goods
MCH-2267,Toko Makmur 2266,F&B
MCH-2268,Toko Maju 2267,F&B
MCH-2269,Toko Makmur 2268,F&B
MCH-2270,Toko Jaya 2269,Digital Goods
MCH-2271,Toko Lancar 2270,Retail
MCH-2272,Toko Maju 2271,F&B
MCH-2273,Toko Lancar 2272,F&B
MCH-2274,Toko Lancar 2273,F&B
MCH-2275,Toko Jaya 2274,Retail
MCH-2276,Toko Jaya 2275,F&B
MCH-2277,Toko Maju 2276,Transportation
MCH-2278,Toko Makmur 2277,Digital Goods
MCH-2279,Toko Jaya 2278,F&B
MCH-2280,Toko Makmur 2279,Digital Goods
MCH-2281,Toko Maju 2280,F&B
MCH-2282,Toko Maju 2281,nan
MCH-2283,Toko Jaya 2282,Retail
MCH-2284,Toko Makmur 2283,F&B
MCH-2285,Toko Lancar 2284,F&B
MCH-2286,Toko Lancar 2285,nan
MCH-2287,Toko Makmur 2286,F&B
MCH-2288,Toko Lancar 2287,F&B
MCH-2289,Toko Maju 2288,Retail
MCH-2290,Toko Jaya 2289,Digital Goods
MCH-2291,Toko Lancar 2290,F&B
MCH-2292,Toko Berkah 2291,Retail
MCH-2293,Toko Berkah 2292,Transportation
MCH-2294,Toko Makmur 2293,Transportation
MCH-2295,Toko Lancar 2294,Digital Goods
MCH-2296,Toko Lancar 2295,Digital Goods
MCH-2297,Toko Berkah 2296,F&B
MCH-2298,Toko Lancar 2297,Retail
MCH-2299,Toko Lancar 2298,Retail
MCH-2300,Toko Jaya 2299,Retail
MCH-2301,Toko Lancar 2300,Retail
MCH-2302,Toko Berkah 2301,Retail
MCH-2303,Toko Maju 2302,Digital Goods
MCH-2304,Toko Makmur 2303,Transportation
MCH-2305,Toko Makmur 2304,Digital Goods
MCH-2306,Toko Jaya 2305,Digital Goods
MCH-2307,Toko Makmur 2306,Retail
MCH-2308,Toko Berkah 2307,Transportation
MCH-2309,Toko Berkah 2308,Retail
MCH-2310,Toko Maju 2309,Digital Goods
MCH-2311,Toko Makmur 2310,Transportation
MCH-2312,Toko Makmur 2311,Retail
MCH-2313,Toko Maju 2312,F&B
MCH-2314,Toko Maju 2313,Retail
MCH-2315,Toko Berkah 2314,F&B
MCH-2316,Toko Lancar 2315,Digital Goods
MCH-2317,Toko Maju 2316,Transportation
MCH-2318,Toko Makmur 2317,F&B
MCH-2319,Toko Jaya 2318,Digital Goods
MCH-2320,Toko Maju 2319,Retail
MCH-2321,Toko Jaya 2320,F&B
MCH-2322,Toko Maju 2321,Transportation
MCH-2323,Toko Jaya 2322,F&B
MCH-2324,Toko Lancar 2323,Digital Goods
MCH-2325,Toko Berkah 2324,nan
MCH-2326,Toko Maju 2325,nan
MCH-2327,Toko Makmur 2326,Retail
MCH-2328,Toko Maju 2327,F&B
MCH-2329,Toko Jaya 2328,F&B
MCH-2330,Toko Lancar 2329,Retail
MCH-2331,Toko Lancar 2330,F&B
MCH-2332,Toko Makmur 2331,F&B
MCH-2333,Toko Jaya 2332,F&B
MCH-2334,Toko Maju 2333,nan
MCH-2335,Toko Jaya 2334,F&B
MCH-2336,Toko Maju 2335,F&B
MCH-2337,Toko Lancar 2336,Retail
MCH-2338,Toko Berkah 2337,F&B
MCH-2339,Toko Maju 2338,F&B
MCH-2340,Toko Lancar 2339,F&B
MCH-2341,Toko Lancar 2340,F&B
MCH-2342,Toko Jaya 2341,Transportation
MCH-2343,Toko Makmur 2342,Retail
MCH-2344,Toko Maju 2343,Digital Goods
MCH-2345,Toko Lancar 2344,Retail
MCH-2346,Toko Berkah 2345,Retail
MCH-2347,Toko Jaya 2346,F&B
MCH-2348,Toko Lancar 2347,Retail
MCH-2349,Toko Lancar 2348,Transportation
MCH-2350,Toko Jaya 2349,Digital Goods
MCH-2351,Toko Makmur 2350,F&B
MCH-2352,Toko Berkah 2351,F&B
MCH-2353,Toko Makmur 2352,Transportation
MCH-2354,Toko Lancar 2353,Retail
MCH-2355,Toko Berkah 2354,Transportation
MCH-2356,Toko Maju 2355,Retail
MCH-2357,Toko Makmur 2356,F&B
MCH-2358,Toko Maju 2357,F&B
MCH-2359,Toko Jaya 2358,F&B
MCH-2360,Toko Jaya 2359,Digital Goods
MCH-2361,Toko Makmur 2360,Retail
MCH-2362,Toko Lancar 2361,Transportation
MCH-2363,Toko Jaya 2362,nan
MCH-2364,Toko Maju 2363,F&B
MCH-2365,Toko Makmur 2364,Retail
MCH-2366,Toko Maju 2365,F&B
MCH-2367,Toko Berkah 2366,Retail
MCH-2368,Toko Berkah 2367,F&B
MCH-2369,Toko Makmur 2368,F&B
MCH-2370,Toko Maju 2369,F&B
MCH-2371,Toko Berkah 2370,F&B
MCH-2372,Toko Jaya 2371,Retail
MCH-2373,Toko Berkah 2372,Transportation
MCH-2374,Toko Berkah 2373,F&B
MCH-2375,Toko Lancar 2374,Digital Goods
MCH-2376,Toko Makmur 2375,Retail
MCH-2377,Toko Makmur 2376,Digital Goods
MCH-2378,Toko Berkah 2377,F&B
MCH-2379,Toko Maju 2378,Transportation
MCH-2380,Toko Makmur 2379,nan
MCH-2381,Toko Berkah 2380,Digital Goods
MCH-2382,Toko Maju 2381,F&B
MCH-2383,Toko Makmur 2382,Retail
MCH-2384,Toko Berkah 2383,F&B
MCH-2385,Toko Maju 2384,Retail
MCH-2386,Toko Maju 2385,Digital Goods
MCH-2387,Toko Berkah 2386,F&B
MCH-2388,Toko Berkah 2387,F&B
MCH-2389,Toko Maju 2388,Retail
MCH-2390,Toko Berkah 2389,Retail
MCH-2391,Toko Lancar 2390,Digital Goods
MCH-2392,Toko Jaya 2391,Digital Goods
MCH-2393,Toko Maju 2392,F&B
MCH-2394,Toko Lancar 2393,Retail
MCH-2395,Toko Berkah 2394,Retail
MCH-2396,Toko Berkah 2395,F&B
MCH-2397,Toko Lancar 2396,Retail
MCH-2398,Toko Makmur 2397,F&B
MCH-2399,Toko Berkah 2398,F&B
MCH-2400,Toko Makmur 2399,Retail
MCH-2401,Toko Makmur 2400,F&B
MCH-2402,Toko Lancar 2401,Digital Goods
MCH-2403,Toko Jaya 2402,Retail
MCH-2404,Toko Maju 2403,Retail
MCH-2405,Toko Jaya 2404,Retail
MCH-2406,Toko Lancar 2405,Retail
MCH-2407,Toko Lancar 2406,Digital Goods
MCH-2408,Toko Berkah 2407,Retail
MCH-2409,Toko Makmur 2408,Digital Goods
MCH-2410,Toko Lancar 2409,F&B
MCH-2411,Toko Lancar 2410,Digital Goods
MCH-2412,Toko Berkah 2411,Retail
MCH-2413,Toko Lancar 2412,F&B
MCH-2414,Toko Maju 2413,F&B
MCH-2415,Toko Berkah 2414,Retail
MCH-2416,Toko Makmur 2415,Digital Goods
MCH-2417,Toko Lancar 2416,Digital Goods
MCH-2418,Toko Makmur 2417,F&B
MCH-2419,Toko Jaya 2418,F&B
MCH-2420,Toko Makmur 2419,Retail
MCH-2421,Toko Jaya 2420,Retail
MCH-2422,Toko Makmur 2421,Retail
MCH-2423,Toko Berkah 2422,Digital Goods
MCH-2424,Toko Makmur 2423,Retail
MCH-2425,Toko Maju 2424,Transportation
MCH-2426,Toko Jaya 2425,Transportation
MCH-2427,Toko Lancar 2426,Retail
MCH-2428,Toko Maju 2427,F&B
MCH-2429,Toko Berkah 2428,Retail
MCH-2430,Toko Makmur 2429,Retail
MCH-2431,Toko Lancar 2430,F&B
MCH-2432,Toko Maju 2431,F&B
MCH-2433,Toko Berkah 2432,Retail
MCH-2434,Toko Maju 2433,F&B
MCH-2435,Toko Jaya 2434,F&B
MCH-2436,Toko Maju 2435,Retail
MCH-2437,Toko Makmur 2436,Transportation
MCH-2438,Toko Makmur 2437,F&B
MCH-2439,Toko Berkah 2438,Retail
MCH-2440,Toko Jaya 2439,nan
MCH-2441,Toko Makmur 2440,F&B
MCH-2442,Toko Lancar 2441,Transportation
MCH-2443,Toko Maju 2442,Digital Goods
MCH-2444,Toko Lancar 2443,Digital Goods
MCH-2445,Toko Berkah 2444,Digital Goods
MCH-2446,Toko Maju 2445,Retail
MCH-2447,Toko Jaya 2446,Retail
MCH-2448,Toko Lancar 2447,Digital Goods
MCH-2449,Toko Maju 2448,Transportation
MCH-2450,Toko Jaya 2449,F&B
MCH-2451,Toko Berkah 2450,F&B
MCH-2452,Toko Jaya 2451,F&B
MCH-2453,Toko Maju 2452,F&B
MCH-2454,Toko Makmur 2453,F&B
MCH-2455,Toko Berkah 2454,F&B
MCH-2456,Toko Maju 2455,F&B
MCH-2457,Toko Lancar 2456,Retail
MCH-2458,Toko Makmur 2457,nan
MCH-2459,Toko Berkah 2458,Retail
MCH-2460,Toko Maju 2459,Transportation
MCH-2461,Toko Lancar 2460,Digital Goods
MCH-2462,Toko Maju 2461,F&B
MCH-2463,Toko Maju 2462,Retail
MCH-2464,Toko Jaya 2463,Retail
MCH-2465,Toko Maju 2464,nan
MCH-2466,Toko Jaya 2465,F&B
MCH-2467,Toko Maju 2466,Retail
MCH-2468,Toko Jaya 2467,F&B
MCH-2469,Toko Jaya 2468,Retail
MCH-2470,Toko Lancar 2469,F&B
MCH-2471,Toko Jaya 2470,Digital Goods
MCH-2472,Toko Maju 2471,F&B
MCH-2473,Toko Jaya 2472,Retail
MCH-2474,Toko Maju 2473,Retail
MCH-2475,Toko Maju 2474,nan
MCH-2476,Toko Maju 2475,F&B
MCH-2477,Toko Makmur 2476,Digital Goods
MCH-2478,Toko Maju 2477,Retail
MCH-2479,Toko Lancar 2478,F&B
MCH-2480,Toko Maju 2479,Digital Goods
MCH-2481,Toko Makmur 2480,F&B
MCH-2482,Toko Berkah 2481,Digital Goods
MCH-2483,Toko Lancar 2482,Transportation
MCH-2484,Toko Lancar 2483,Digital Goods
MCH-2485,Toko Jaya 2484,Retail
MCH-2486,Toko Jaya 2485,Digital Goods
MCH-2487,Toko Berkah 2486,nan
MCH-2488,Toko Lancar 2487,nan
MCH-2489,Toko Makmur 2488,Retail
MCH-2490,Toko Jaya 2489,F&B
MCH-2491,Toko Makmur 2490,F&B
MCH-2492,Toko Lancar 2491,F&B
MCH-2493,Toko Berkah 2492,Digital Goods
MCH-2494,Toko Berkah 2493,Retail
MCH-2495,Toko Makmur 2494,F&B
MCH-2496,Toko Maju 2495,Digital Goods
MCH-2497,Toko Makmur 2496,nan
MCH-2498,Toko Maju 2497,F&B
MCH-2499,Toko Maju 2498,Digital Goods
MCH-2500,Toko Maju 2499,F&B
MCH-2501,Toko Lancar 2500,Retail
MCH-2502,Toko Jaya 2501,nan
MCH-2503,Toko Maju 2502,Retail
MCH-2504,Toko Makmur 2503,F&B
MCH-2505,Toko Makmur 2504,Digital Goods
MCH-2506,Toko Lancar 2505,F&B
MCH-2507,Toko Maju 2506,F&B
MCH-2508,Toko Maju 2507,Retail
MCH-2509,Toko Makmur 2508,F&B
MCH-2510,Toko Makmur 2509,F&B
MCH-2511,Toko Jaya 2510,Transportation
MCH-2512,Toko Makmur 2511,Digital Goods
MCH-2513,Toko Berkah 2512,Transportation
MCH-2514,Toko Lancar 2513,Retail
MCH-2515,Toko Lancar 2514,F&B
MCH-2516,Toko Makmur 2515,Digital Goods
MCH-2517,Toko Berkah 2516,Retail
MCH-2518,Toko Jaya 2517,Retail
MCH-2519,Toko Lancar 2518,Retail
MCH-2520,Toko Makmur 2519,F&B
MCH-2521,Toko Berkah 2520,Retail
MCH-2522,Toko Lancar 2521,F&B
MCH-2523,Toko Maju 2522,F&B
MCH-2524,Toko Jaya 2523,nan
MCH-2525,Toko Jaya 2524,Retail
MCH-2526,Toko Maju 2525,F&B
MCH-2527,Toko Berkah 2526,nan
MCH-2528,Toko Lancar 2527,Retail
MCH-2529,Toko Lancar 2528,F&B
MCH-2530,Toko Makmur 2529,Retail
MCH-2531,Toko Berkah 2530,Transportation
MCH-2532,Toko Berkah 2531,F&B
MCH-2533,Toko Berkah 2532,F&B
MCH-2534,Toko Lancar 2533,Transportation
MCH-2535,Toko Makmur 2534,F&B
MCH-2536,Toko Lancar 2535,Digital Goods
MCH-2537,Toko Lancar 2536,Retail
MCH-2538,Toko Makmur 2537,F&B
MCH-2539,Toko Jaya 2538,Digital Goods
MCH-2540,Toko Lancar 2539,F&B
MCH-2541,Toko Makmur 2540,Transportation
MCH-2542,Toko Maju 2541,nan
MCH-2543,Toko Berkah 2542,Transportation
MCH-2544,Toko Maju 2543,F&B
MCH-2545,Toko Maju 2544,nan
MCH-2546,Toko Jaya 2545,F&B
MCH-2547,Toko Berkah 2546,Retail
MCH-2548,Toko Jaya 2547,F&B
MCH-2549,Toko Maju 2548,F&B
MCH-2550,Toko Lancar 2549,F&B
MCH-2551,Toko Berkah 2550,F&B
MCH-2552,Toko Berkah 2551,Digital Goods
MCH-2553,Toko Jaya 2552,Retail
MCH-2554,Toko Makmur 2553,nan
MCH-2555,Toko Lancar 2554,Transportation
MCH-2556,Toko Makmur 2555,Transportation
MCH-2557,Toko Makmur 2556,F&B
MCH-2558,Toko Makmur 2557,Digital Goods
MCH-2559,Toko Berkah 2558,Retail
MCH-2560,Toko Jaya 2559,nan
MCH-2561,Toko Lancar 2560,Retail
MCH-2562,Toko Makmur 2561,F&B
MCH-2563,Toko Makmur 2562,F&B
MCH-2564,Toko Jaya 2563,Retail
MCH-2565,Toko Makmur 2564,F&B
MCH-2566,Toko Berkah 2565,Retail
MCH-2567,Toko Berkah 2566,Retail
MCH-2568,Toko Maju 2567,Transportation
MCH-2569,Toko Makmur 2568,Retail
MCH-2570,Toko Jaya 2569,F&B
MCH-2571,Toko Makmur 2570,F&B
MCH-2572,Toko Berkah 2571,Retail
MCH-2573,Toko Berkah 2572,Retail
MCH-2574,Toko Jaya 2573,Digital Goods
MCH-2575,Toko Jaya 2574,Retail
MCH-2576,Toko Lancar 2575,Transportation
MCH-2577,Toko Jaya 2576,Retail
MCH-2578,Toko Maju 2577,Retail
MCH-2579,Toko Berkah 2578,F&B
MCH-2580,Toko Jaya 2579,F&B
MCH-2581,Toko Jaya 2580,Transportation
MCH-2582,Toko Lancar 2581,Retail
MCH-2583,Toko Jaya 2582,Transportation
MCH-2584,Toko Makmur 2583,Retail
MCH-2585,Toko Lancar 2584,F&B
MCH-2586,Toko Jaya 2585,nan
MCH-2587,Toko Maju 2586,F&B
MCH-2588,Toko Makmur 2587,Digital Goods
MCH-2589,Toko Jaya 2588,Retail
MCH-2590,Toko Makmur 2589,Retail
MCH-2591,Toko Makmur 2590,Retail
MCH-2592,Toko Lancar 2591,Retail
MCH-2593,Toko Jaya 2592,F&B
MCH-2594,Toko Berkah 2593,nan
MCH-2595,Toko Berkah 2594,Retail
MCH-2596,Toko Maju 2595,Retail
MCH-2597,Toko Jaya 2596,F&B
MCH-2598,Toko Maju 2597,F&B
MCH-2599,Toko Lancar 2598,Retail
MCH-2600,Toko Makmur 2599,Retail
MCH-2601,Toko Makmur 2600,F&B
MCH-2602,Toko Maju 2601,F&B
MCH-2603,Toko Lancar 2602,Retail
MCH-2604,Toko Jaya 2603,Retail
MCH-2605,Toko Lancar 2604,Retail
MCH-2606,Toko Lancar 2605,Retail
MCH-2607,Toko Jaya 2606,Digital Goods
MCH-2608,Toko Berkah 2607,Digital Goods
MCH-2609,Toko Makmur 2608,F&B
MCH-2610,Toko Berkah 2609,Retail
MCH-2611,Toko Jaya 2610,F&B
MCH-2612,Toko Makmur 2611,Retail
MCH-2613,Toko Berkah 2612,Transportation
MCH-2614,Toko Maju 2613,Retail
MCH-2615,Toko Maju 2614,F&B
MCH-2616,Toko Berkah 2615,Retail
MCH-2617,Toko Jaya 2616,Retail
MCH-2618,Toko Berkah 2617,F&B
MCH-2619,Toko Lancar 2618,F&B
MCH-2620,Toko Jaya 2619,Digital Goods
MCH-2621,Toko Makmur 2620,Retail
MCH-2622,Toko Berkah 2621,Retail
MCH-2623,Toko Maju 2622,F&B
MCH-2624,Toko Maju 2623,Retail
MCH-2625,Toko Lancar 2624,Retail
MCH-2626,Toko Lancar 2625,F&B
MCH-2627,Toko Maju 2626,Transportation
MCH-2628,Toko Berkah 2627,Retail
MCH-2629,Toko Berkah 2628,Digital Goods
MCH-2630,Toko Jaya 2629,Retail
MCH-2631,Toko Lancar 2630,F&B
MCH-2632,Toko Maju 2631,F&B
MCH-2633,Toko Jaya 2632,F&B
MCH-2634,Toko Berkah 2633,F&B
MCH-2635,Toko Lancar 2634,Transportation
MCH-2636,Toko Lancar 2635,Retail
MCH-2637,Toko Lancar 2636,F&B
MCH-2638,Toko Maju 2637,Transportation
MCH-2639,Toko Makmur 2638,Retail
MCH-2640,Toko Jaya 2639,F&B
MCH-2641,Toko Makmur 2640,Retail
MCH-2642,Toko Makmur 2641,F&B
MCH-2643,Toko Jaya 2642,Retail
MCH-2644,Toko Berkah 2643,Retail
MCH-2645,Toko Berkah 2644,Retail
MCH-2646,Toko Jaya 2645,F&B
MCH-2647,Toko Maju 2646,Retail
MCH-2648,Toko Berkah 2647,Retail
MCH-2649,Toko Maju 2648,Digital Goods
MCH-2650,Toko Maju 2649,F&B
MCH-2651,Toko Jaya 2650,Digital Goods
MCH-2652,Toko Lancar 2651,F&B
MCH-2653,Toko Maju 2652,Retail
MCH-2654,Toko Berkah 2653,F&B
MCH-2655,Toko Jaya 2654,nan
MCH-2656,Toko Berkah 2655,Retail
MCH-2657,Toko Jaya 2656,Transportation
MCH-2658,Toko Lancar 2657,Retail
MCH-2659,Toko Maju 2658,F&B
MCH-2660,Toko Berkah 2659,F&B
MCH-2661,Toko Berkah 2660,F&B
MCH-2662,Toko Makmur 2661,Transportation
MCH-2663,Toko Maju 2662,F&B
MCH-2664,Toko Maju 2663,Digital Goods
MCH-2665,Toko Makmur 2664,Digital Goods
MCH-2666,Toko Jaya 2665,Retail
MCH-2667,Toko Jaya 2666,Retail
MCH-2668,Toko Maju 2667,Digital Goods
MCH-2669,Toko Berkah 2668,F&B
MCH-2670,Toko Jaya 2669,Retail
MCH-2671,Toko Makmur 2670,Retail
MCH-2672,Toko Jaya 2671,F&B
MCH-2673,Toko Maju 2672,F&B
MCH-2674,Toko Maju 2673,Retail
MCH-2675,Toko Berkah 2674,Digital Goods
MCH-2676,Toko Berkah 2675,Retail
MCH-2677,Toko Makmur 2676,Transportation
MCH-2678,Toko Jaya 2677,Transportation
MCH-2679,Toko Makmur 2678,Retail
MCH-2680,Toko Berkah 2679,F&B
MCH-2681,Toko Maju 2680,nan
MCH-2682,Toko Berkah 2681,nan
MCH-2683,Toko Jaya 2682,Retail
MCH-2684,Toko Maju 2683,Retail
MCH-2685,Toko Lancar 2684,F&B
MCH-2686,Toko Jaya 2685,F&B
MCH-2687,Toko Berkah 2686,Retail
MCH-2688,Toko Lancar 2687,Retail
MCH-2689,Toko Jaya 2688,Retail
MCH-2690,Toko Makmur 2689,Digital Goods
MCH-2691,Toko Berkah 2690,nan
MCH-2692,Toko Makmur 2691,Retail
MCH-2693,Toko Jaya 2692,Retail
MCH-2694,Toko Maju 2693,Retail
MCH-2695,Toko Makmur 2694,Digital Goods
MCH-2696,Toko Jaya 2695,Retail
MCH-2697,Toko Maju 2696,F&B
MCH-2698,Toko Lancar 2697,F&B
MCH-2699,Toko Lancar 2698,F&B
MCH-2700,Toko Jaya 2699,Retail
MCH-2701,Toko Maju 2700,F&B
MCH-2702,Toko Lancar 2701,F&B
MCH-2703,Toko Makmur 2702,F&B
MCH-2704,Toko Berkah 2703,Retail
MCH-2705,Toko Makmur 2704,F&B
MCH-2706,Toko Berkah 2705,F&B
MCH-2707,Toko Maju 2706,Digital Goods
MCH-2708,Toko Jaya 2707,F&B
MCH-2709,Toko Berkah 2708,Transportation
MCH-2710,Toko Lancar 2709,Digital Goods
MCH-2711,Toko Berkah 2710,nan
MCH-2712,Toko Jaya 2711,Retail
MCH-2713,Toko Maju 2712,Retail
MCH-2714,Toko Berkah 2713,F&B
MCH-2715,Toko Maju 2714,F&B
MCH-2716,Toko Berkah 2715,Retail
MCH-2717,Toko Maju 2716,Retail
MCH-2718,Toko Lancar 2717,Retail
MCH-2719,Toko Jaya 2718,Retail
MCH-2720,Toko Berkah 2719,F&B
MCH-2721,Toko Lancar 2720,Transportation
MCH-2722,Toko Maju 2721,Retail
MCH-2723,Toko Makmur 2722,F&B
MCH-2724,Toko Jaya 2723,nan
MCH-2725,Toko Lancar 2724,nan
MCH-2726,Toko Maju 2725,F&B
MCH-2727,Toko Lancar 2726,Retail
MCH-2728,Toko Makmur 2727,F&B
MCH-2729,Toko Lancar 2728,F&B
MCH-2730,Toko Maju 2729,F&B
MCH-2731,Toko Jaya 2730,F&B
MCH-2732,Toko Berkah 2731,Retail
MCH-2733,Toko Jaya 2732,F&B
MCH-2734,Toko Makmur 2733,Retail
MCH-2735,Toko Maju 2734,F&B
MCH-2736,Toko Maju 2735,Retail
MCH-2737,Toko Maju 2736,nan
MCH-2738,Toko Berkah 2737,Retail
MCH-2739,Toko Jaya 2738,F&B
MCH-2740,Toko Lancar 2739,F&B
MCH-2741,Toko Berkah 2740,Transportation
MCH-2742,Toko Makmur 2741,F&B
MCH-2743,Toko Berkah 2742,Retail
MCH-2744,Toko Makmur 2743,Transportation
MCH-2745,Toko Lancar 2744,F&B
MCH-2746,Toko Makmur 2745,Transportation
MCH-2747,Toko Jaya 2746,F&B
MCH-2748,Toko Maju 2747,F&B
MCH-2749,Toko Makmur 2748,Transportation
MCH-2750,Toko Maju 2749,Retail
MCH-2751,Toko Makmur 2750,F&B
MCH-2752,Toko Maju 2751,Transportation
MCH-2753,Toko Berkah 2752,F&B
MCH-2754,Toko Berkah 2753,F&B
MCH-2755,Toko Maju 2754,F&B
MCH-2756,Toko Makmur 2755,F&B
MCH-2757,Toko Berkah 2756,F&B
MCH-2758,Toko Berkah 2757,F&B
MCH-2759,Toko Maju 2758,Retail
MCH-2760,Toko Makmur 2759,Retail
MCH-2761,Toko Jaya 2760,nan
MCH-2762,Toko Berkah 2761,Retail
MCH-2763,Toko Maju 2762,Transportation
MCH-2764,Toko Maju 2763,Retail
MCH-2765,Toko Makmur 2764,Retail
MCH-2766,Toko Makmur 2765,Retail
MCH-2767,Toko Berkah 2766,Transportation
MCH-2768,Toko Maju 2767,F&B
MCH-2769,Toko Lancar 2768,F&B
MCH-2770,Toko Jaya 2769,F&B
MCH-2771,Toko Makmur 2770,F&B
MCH-2772,Toko Lancar 2771,Transportation
MCH-2773,Toko Makmur 2772,Retail
MCH-2774,Toko Maju 2773,Transportation
MCH-2775,Toko Jaya 2774,F&B
MCH-2776,Toko Jaya 2775,Transportation
MCH-2777,Toko Lancar 2776,F&B
MCH-2778,Toko Lancar 2777,F&B
MCH-2779,Toko Jaya 2778,F&B
MCH-2780,Toko Lancar 2779,Digital Goods
MCH-2781,Toko Maju 2780,Retail
MCH-2782,Toko Lancar 2781,F&B
MCH-2783,Toko Jaya 2782,Transportation
MCH-2784,Toko Jaya 2783,Retail
MCH-2785,Toko Maju 2784,Digital Goods
MCH-2786,Toko Makmur 2785,Transportation
MCH-2787,Toko Makmur 2786,Digital Goods
MCH-2788,Toko Berkah 2787,Transportation
MCH-2789,Toko Makmur 2788,Retail
MCH-2790,Toko Jaya 2789,Retail
MCH-2791,Toko Jaya 2790,F&B
MCH-2792,Toko Lancar 2791,Digital Goods
MCH-2793,Toko Maju 2792,F&B
MCH-2794,Toko Jaya 2793,F&B
MCH-2795,Toko Lancar 2794,Transportation
MCH-2796,Toko Makmur 2795,nan
MCH-2797,Toko Maju 2796,Digital Goods
MCH-2798,Toko Jaya 2797,Retail
MCH-2799,Toko Lancar 2798,F&B
MCH-2800,Toko Lancar 2799,nan
MCH-2801,Toko Makmur 2800,F&B
MCH-2802,Toko Lancar 2801,F&B
MCH-2803,Toko Berkah 2802,F&B
MCH-2804,Toko Maju 2803,F&B
MCH-2805,Toko Lancar 2804,nan
MCH-2806,Toko Berkah 2805,F&B
MCH-2807,Toko Lancar 2806,Digital Goods
MCH-2808,Toko Lancar 2807,Retail
MCH-2809,Toko Berkah 2808,Retail
MCH-2810,Toko Makmur 2809,Retail
MCH-2811,Toko Maju 2810,F&B
MCH-2812,Toko Maju 2811,F&B
MCH-2813,Toko Lancar 2812,F&B
MCH-2814,Toko Maju 2813,F&B
MCH-2815,Toko Makmur 2814,Digital Goods
MCH-2816,Toko Maju 2815,Retail
MCH-2817,Toko Makmur 2816,Transportation
MCH-2818,Toko Lancar 2817,Retail
MCH-2819,Toko Berkah 2818,Transportation
MCH-2820,Toko Jaya 2819,Digital Goods
MCH-2821,Toko Jaya 2820,Retail
MCH-2822,Toko Maju 2821,Digital Goods
MCH-2823,Toko Lancar 2822,Transportation
MCH-2824,Toko Makmur 2823,Transportation
MCH-2825,Toko Berkah 2824,Retail
MCH-2826,Toko Lancar 2825,Retail
MCH-2827,Toko Makmur 2826,Retail
MCH-2828,Toko Makmur 2827,Transportation
MCH-2829,Toko Jaya 2828,Retail
MCH-2830,Toko Lancar 2829,Digital Goods
MCH-2831,Toko Jaya 2830,Transportation
MCH-2832,Toko Makmur 2831,nan
MCH-2833,Toko Jaya 2832,Transportation
MCH-2834,Toko Berkah 2833,Retail
MCH-2835,Toko Lancar 2834,Retail
MCH-2836,Toko Lancar 2835,Transportation
MCH-2837,Toko Lancar 2836,Transportation
MCH-2838,Toko Berkah 2837,F&B
MCH-2839,Toko Makmur 2838,Retail
MCH-2840,Toko Makmur 2839,F&B
MCH-2841,Toko Jaya 2840,F&B
MCH-2842,Toko Lancar 2841,F&B
MCH-2843,Toko Lancar 2842,Retail
MCH-2844,Toko Berkah 2843,Digital Goods
MCH-2845,Toko Makmur 2844,Transportation
MCH-2846,Toko Lancar 2845,Retail
MCH-2847,Toko Makmur 2846,F&B
MCH-2848,Toko Lancar 2847,Digital Goods
MCH-2849,Toko Makmur 2848,F&B
MCH-2850,Toko Jaya 2849,F&B
MCH-2851,Toko Jaya 2850,F&B
MCH-2852,Toko Berkah 2851,F&B
MCH-2853,Toko Maju 2852,Digital Goods
MCH-2854,Toko Jaya 2853,Retail
MCH-2855,Toko Lancar 2854,F&B
MCH-2856,Toko Maju 2855,F&B
MCH-2857,Toko Berkah 2856,Retail
MCH-2858,Toko Jaya 2857,F&B
MCH-2859,Toko Jaya 2858,Transportation
MCH-2860,Toko Maju 2859,Transportation
MCH-2861,Toko Maju 2860,F&B
MCH-2862,Toko Jaya 2861,Transportation
MCH-2863,Toko Lancar 2862,F&B
MCH-2864,Toko Makmur 2863,Retail
MCH-2865,Toko Maju 2864,F&B
MCH-2866,Toko Lancar 2865,Digital Goods
MCH-2867,Toko Berkah 2866,nan
MCH-2868,Toko Lancar 2867,F&B
MCH-2869,Toko Berkah 2868,F&B
MCH-2870,Toko Berkah 2869,F&B
MCH-2871,Toko Makmur 2870,Retail
MCH-2872,Toko Makmur 2871,F&B
MCH-2873,Toko Maju 2872,Digital Goods
MCH-2874,Toko Berkah 2873,Retail
MCH-2875,Toko Makmur 2874,Digital Goods
MCH-2876,Toko Berkah 2875,F&B
MCH-2877,Toko Berkah 2876,Retail
MCH-2878,Toko Makmur 2877,Retail
MCH-2879,Toko Maju 2878,F&B
MCH-2880,Toko Berkah 2879,Retail
MCH-2881,Toko Maju 2880,Digital Goods
MCH-2882,Toko Berkah 2881,Digital Goods
MCH-2883,Toko Jaya 2882,Retail
MCH-2884,Toko Maju 2883,Retail
MCH-2885,Toko Makmur 2884,Transportation
MCH-2886,Toko Lancar 2885,F&B
MCH-2887,Toko Lancar 2886,F&B
MCH-2888,Toko Maju 2887,F&B
MCH-2889,Toko Makmur 2888,F&B
MCH-2890,Toko Jaya 2889,Retail
MCH-2891,Toko Berkah 2890,Retail
MCH-2892,Toko Jaya 2891,F&B
MCH-2893,Toko Lancar 2892,Retail
MCH-2894,Toko Maju 2893,F&B
MCH-2895,Toko Berkah 2894,F&B
MCH-2896,Toko Lancar 2895,F&B
MCH-2897,Toko Jaya 2896,Digital Goods
MCH-2898,Toko Jaya 2897,Retail
MCH-2899,Toko Jaya 2898,Digital Goods
MCH-2900,Toko Jaya 2899,Retail
MCH-2901,Toko Makmur 2900,Retail
MCH-2902,Toko Berkah 2901,Retail
MCH-2903,Toko Lancar 2902,F&B
MCH-2904,Toko Maju 2903,Retail
MCH-2905,Toko Maju 2904,Digital Goods
MCH-2906,Toko Berkah 2905,Retail
MCH-2907,Toko Berkah 2906,Retail
MCH-2908,Toko Jaya 2907,Retail
MCH-2909,Toko Makmur 2908,F&B
MCH-2910,Toko Makmur 2909,Transportation
MCH-2911,Toko Lancar 2910,Retail
MCH-2912,Toko Berkah 2911,F&B
MCH-2913,Toko Lancar 2912,Retail
MCH-2914,Toko Makmur 2913,Transportation
MCH-2915,Toko Berkah 2914,F&B
MCH-2916,Toko Makmur 2915,Digital Goods
MCH-2917,Toko Berkah 2916,Digital Goods
MCH-2918,Toko Jaya 2917,Retail
MCH-2919,Toko Lancar 2918,Retail
MCH-2920,Toko Berkah 2919,Digital Goods
MCH-2921,Toko Berkah 2920,Retail
MCH-2922,Toko Makmur 2921,Retail
MCH-2923,Toko Berkah 2922,Transportation
MCH-2924,Toko Makmur 2923,Retail
MCH-2925,Toko Lancar 2924,nan
MCH-2926,Toko Berkah 2925,F&B
MCH-2927,Toko Makmur 2926,Retail
MCH-2928,Toko Jaya 2927,Digital Goods
MCH-2929,Toko Maju 2928,Retail
MCH-2930,Toko Lancar 2929,F&B
MCH-2931,Toko Lancar 2930,F&B
MCH-2932,Toko Maju 2931,F&B
MCH-2933,Toko Makmur 2932,F&B
MCH-2934,Toko Berkah 2933,F&B
MCH-2935,Toko Berkah 2934,Retail
MCH-2936,Toko Makmur 2935,nan
MCH-2937,Toko Maju 2936,Retail
MCH-2938,Toko Lancar 2937,Retail
MCH-2939,Toko Berkah 2938,Transportation
MCH-2940,Toko Lancar 2939,F&B
MCH-2941,Toko Makmur 2940,nan
MCH-2942,Toko Jaya 2941,Digital Goods
MCH-2943,Toko Jaya 2942,nan
MCH-2944,Toko Berkah 2943,F&B
MCH-2945,Toko Maju 2944,F&B
MCH-2946,Toko Maju 2945,Retail
MCH-2947,Toko Berkah 2946,F&B
MCH-2948,Toko Jaya 2947,F&B
MCH-2949,Toko Berkah 2948,F&B
MCH-2950,Toko Maju 2949,F&B
MCH-2951,Toko Jaya 2950,Retail
MCH-2952,Toko Makmur 2951,Transportation
MCH-2953,Toko Berkah 2952,Transportation
MCH-2954,Toko Maju 2953,F&B
MCH-2955,Toko Maju 2954,F&B
MCH-2956,Toko Maju 2955,Transportation
MCH-2957,Toko Maju 2956,nan
MCH-2958,Toko Maju 2957,Retail
MCH-2959,Toko Makmur 2958,F&B
MCH-2960,Toko Lancar 2959,Retail
MCH-2961,Toko Maju 2960,Retail
MCH-2962,Toko Jaya 2961,Digital Goods
MCH-2963,Toko Jaya 2962,F&B
MCH-2964,Toko Lancar 2963,F&B
MCH-2965,Toko Makmur 2964,Retail
MCH-2966,Toko Jaya 2965,F&B
MCH-2967,Toko Maju 2966,F&B
MCH-2968,Toko Makmur 2967,Retail
MCH-2969,Toko Makmur 2968,Digital Goods
MCH-2970,Toko Berkah 2969,Retail
MCH-2971,Toko Makmur 2970,Retail
MCH-2972,Toko Lancar 2971,Retail
MCH-2973,Toko Makmur 2972,Retail
MCH-2974,Toko Lancar 2973,Retail
MCH-2975,Toko Makmur 2974,F&B
MCH-2976,Toko Lancar 2975,Digital Goods
MCH-2977,Toko Makmur 2976,Retail
MCH-2978,Toko Jaya 2977,Digital Goods
MCH-2979,Toko Berkah 2978,Retail
MCH-2980,Toko Berkah 2979,Digital Goods
MCH-2981,Toko Berkah 2980,F&B
MCH-2982,Toko Maju 2981,F&B
MCH-2983,Toko Maju 2982,F&B
MCH-2984,Toko Lancar 2983,Retail
MCH-2985,Toko Makmur 2984,F&B
MCH-2986,Toko Lancar 2985,Retail
MCH-2987,Toko Makmur 2986,Transportation
MCH-2988,Toko Maju 2987,F&B
MCH-2989,Toko Lancar 2988,F&B
MCH-2990,Toko Jaya 2989,Retail
MCH-2991,Toko Jaya 2990,Retail
MCH-2992,Toko Maju 2991,F&B
MCH-2993,Toko Jaya 2992,Transportation
MCH-2994,Toko Maju 2993,F&B
MCH-2995,Toko Makmur 2994,Retail
MCH-2996,Toko Maju 2995,Retail
MCH-2997,Toko Maju 2996,Retail
MCH-2998,Toko Lancar 2997,Retail
MCH-2999,Toko Makmur 2998,Transportation
MCH-3000,Toko Maju 2999,Transportation
MCH-3001,Toko Lancar 3000,F&B
MCH-3002,Toko Jaya 3001,F&B
MCH-3003,Toko Makmur 3002,Transportation
MCH-3004,Toko Lancar 3003,Retail
MCH-3005,Toko Makmur 3004,Digital Goods
MCH-3006,Toko Berkah 3005,F&B
MCH-3007,Toko Jaya 3006,Transportation
MCH-3008,Toko Lancar 3007,F&B
MCH-3009,Toko Berkah 3008,F&B
MCH-3010,Toko Maju 3009,Digital Goods
MCH-3011,Toko Berkah 3010,F&B
MCH-3012,Toko Jaya 3011,F&B
MCH-3013,Toko Jaya 3012,Retail
MCH-3014,Toko Maju 3013,F&B
MCH-3015,Toko Lancar 3014,Digital Goods
MCH-3016,Toko Jaya 3015,Digital Goods
MCH-3017,Toko Lancar 3016,Digital Goods
MCH-3018,Toko Makmur 3017,Transportation
MCH-3019,Toko Lancar 3018,Retail
MCH-3020,Toko Jaya 3019,Retail
MCH-3021,Toko Jaya 3020,F&B
MCH-3022,Toko Lancar 3021,F&B
MCH-3023,Toko Lancar 3022,Retail
MCH-3024,Toko Jaya 3023,F&B
MCH-3025,Toko Berkah 3024,F&B
MCH-3026,Toko Berkah 3025,Digital Goods
MCH-3027,Toko Jaya 3026,nan
MCH-3028,Toko Berkah 3027,F&B
MCH-3029,Toko Lancar 3028,Retail
MCH-3030,Toko Berkah 3029,Digital Goods
MCH-3031,Toko Makmur 3030,F&B
MCH-3032,Toko Makmur 3031,Transportation
MCH-3033,Toko Lancar 3032,Digital Goods
MCH-3034,Toko Makmur 3033,Retail
MCH-3035,Toko Maju 3034,Retail
MCH-3036,Toko Berkah 3035,F&B
MCH-3037,Toko Jaya 3036,F&B
MCH-3038,Toko Berkah 3037,Digital Goods
MCH-3039,Toko Jaya 3038,Transportation
MCH-3040,Toko Maju 3039,F&B
MCH-3041,Toko Maju 3040,Digital Goods
MCH-3042,Toko Lancar 3041,nan
MCH-3043,Toko Berkah 3042,Digital Goods
MCH-3044,Toko Lancar 3043,nan
MCH-3045,Toko Berkah 3044,Digital Goods
MCH-3046,Toko Lancar 3045,Retail
MCH-3047,Toko Jaya 3046,Transportation
MCH-3048,Toko Berkah 3047,Retail
MCH-3049,Toko Maju 3048,F&B
MCH-3050,Toko Berkah 3049,F&B
MCH-3051,Toko Berkah 3050,Transportation
MCH-3052,Toko Berkah 3051,Retail
MCH-3053,Toko Berkah 3052,F&B
MCH-3054,Toko Jaya 3053,F&B
MCH-3055,Toko Berkah 3054,Digital Goods
MCH-3056,Toko Lancar 3055,F&B
MCH-3057,Toko Berkah 3056,Digital Goods
MCH-3058,Toko Maju 3057,Digital Goods
MCH-3059,Toko Maju 3058,Transportation
MCH-3060,Toko Lancar 3059,F&B
MCH-3061,Toko Maju 3060,F&B
MCH-3062,Toko Jaya 3061,F&B
MCH-3063,Toko Makmur 3062,Retail
MCH-3064,Toko Makmur 3063,F&B
MCH-3065,Toko Makmur 3064,F&B
MCH-3066,Toko Jaya 3065,F&B
MCH-3067,Toko Maju 3066,Digital Goods
MCH-3068,Toko Lancar 3067,Digital Goods
MCH-3069,Toko Jaya 3068,Retail
MCH-3070,Toko Jaya 3069,F&B
MCH-3071,Toko Jaya 3070,Digital Goods
MCH-3072,Toko Jaya 3071,nan
MCH-3073,Toko Maju 3072,F&B
MCH-3074,Toko Lancar 3073,Retail
MCH-3075,Toko Jaya 3074,Digital Goods
MCH-3076,Toko Maju 3075,Retail
MCH-3077,Toko Berkah 3076,Transportation
MCH-3078,Toko Jaya 3077,Digital Goods
MCH-3079,Toko Jaya 3078,F&B
MCH-3080,Toko Maju 3079,Retail
MCH-3081,Toko Makmur 3080,F&B
MCH-3082,Toko Berkah 3081,Digital Goods
MCH-3083,Toko Berkah 3082,Retail
MCH-3084,Toko Maju 3083,F&B
MCH-3085,Toko Berkah 3084,F&B
MCH-3086,Toko Jaya 3085,F&B
MCH-3087,Toko Maju 3086,F&B
MCH-3088,Toko Berkah 3087,Digital Goods
MCH-3089,Toko Berkah 3088,F&B
MCH-3090,Toko Lancar 3089,Retail
MCH-3091,Toko Makmur 3090,Transportation
MCH-3092,Toko Berkah 3091,Retail
MCH-3093,Toko Makmur 3092,Digital Goods
MCH-3094,Toko Jaya 3093,F&B
MCH-3095,Toko Berkah 3094,Retail
MCH-3096,Toko Makmur 3095,F&B
MCH-3097,Toko Lancar 3096,F&B
MCH-3098,Toko Makmur 3097,Retail
MCH-3099,Toko Makmur 3098,F&B
MCH-3100,Toko Maju 3099,F&B
MCH-3101,Toko Berkah 3100,Digital Goods
MCH-3102,Toko Maju 3101,Retail
MCH-3103,Toko Jaya 3102,Digital Goods
MCH-3104,Toko Maju 3103,F&B
MCH-3105,Toko Makmur 3104,Retail
MCH-3106,Toko Maju 3105,F&B
MCH-3107,Toko Lancar 3106,Digital Goods
MCH-3108,Toko Lancar 3107,F&B
MCH-3109,Toko Makmur 3108,Retail
MCH-3110,Toko Berkah 3109,Retail
MCH-3111,Toko Jaya 3110,F&B
MCH-3112,Toko Maju 3111,Digital Goods
MCH-3113,Toko Lancar 3112,F&B
MCH-3114,Toko Maju 3113,Transportation
MCH-3115,Toko Jaya 3114,Retail
MCH-3116,Toko Makmur 3115,Transportation
MCH-3117,Toko Lancar 3116,Retail
MCH-3118,Toko Makmur 3117,Retail
MCH-3119,Toko Lancar 3118,Digital Goods
MCH-3120,Toko Maju 3119,Retail
MCH-3121,Toko Maju 3120,Transportation
MCH-3122,Toko Maju 3121,F&B
MCH-3123,Toko Jaya 3122,F&B
MCH-3124,Toko Lancar 3123,F&B
MCH-3125,Toko Makmur 3124,F&B
MCH-3126,Toko Makmur 3125,F&B
MCH-3127,Toko Makmur 3126,F&B
MCH-3128,Toko Berkah 3127,F&B
MCH-3129,Toko Jaya 3128,F&B
MCH-3130,Toko Lancar 3129,F&B
MCH-3131,Toko Makmur 3130,F&B
MCH-3132,Toko Maju 3131,nan
MCH-3133,Toko Makmur 3132,Retail
MCH-3134,Toko Lancar 3133,F&B
MCH-3135,Toko Makmur 3134,Retail
MCH-3136,Toko Berkah 3135,F&B
MCH-3137,Toko Makmur 3136,Digital Goods
MCH-3138,Toko Maju 3137,Retail
MCH-3139,Toko Makmur 3138,F&B
MCH-3140,Toko Maju 3139,Digital Goods
MCH-3141,Toko Berkah 3140,Retail
MCH-3142,Toko Maju 3141,Retail
MCH-3143,Toko Maju 3142,Retail
MCH-3144,Toko Lancar 3143,Retail
MCH-3145,Toko Jaya 3144,Retail
MCH-3146,Toko Makmur 3145,F&B
MCH-3147,Toko Lancar 3146,Digital Goods
MCH-3148,Toko Maju 3147,Transportation
MCH-3149,Toko Maju 3148,nan
MCH-3150,Toko Maju 3149,nan
MCH-3151,Toko Maju 3150,F&B
MCH-3152,Toko Berkah 3151,Digital Goods
MCH-3153,Toko Makmur 3152,nan
MCH-3154,Toko Makmur 3153,Retail
MCH-3155,Toko Berkah 3154,Digital Goods
MCH-3156,Toko Lancar 3155,Retail
MCH-3157,Toko Makmur 3156,Digital Goods
MCH-3158,Toko Makmur 3157,F&B
MCH-3159,Toko Lancar 3158,F&B
MCH-3160,Toko Maju 3159,Retail
MCH-3161,Toko Berkah 3160,Retail
MCH-3162,Toko Maju 3161,Transportation
MCH-3163,Toko Berkah 3162,Retail
MCH-3164,Toko Maju 3163,Retail
MCH-3165,Toko Makmur 3164,Retail
MCH-3166,Toko Jaya 3165,nan
MCH-3167,Toko Lancar 3166,Retail
MCH-3168,Toko Maju 3167,Retail
MCH-3169,Toko Makmur 3168,nan
MCH-3170,Toko Lancar 3169,Retail
MCH-3171,Toko Makmur 3170,Digital Goods
MCH-3172,Toko Berkah 3171,Retail
MCH-3173,Toko Makmur 3172,F&B
MCH-3174,Toko Berkah 3173,F&B
MCH-3175,Toko Jaya 3174,Retail
MCH-3176,Toko Lancar 3175,F&B
MCH-3177,Toko Jaya 3176,Digital Goods
MCH-3178,Toko Maju 3177,F&B
MCH-3179,Toko Makmur 3178,F&B
MCH-3180,Toko Berkah 3179,Transportation
MCH-3181,Toko Makmur 3180,F&B
MCH-3182,Toko Makmur 3181,F&B
MCH-3183,Toko Makmur 3182,Retail
MCH-3184,Toko Jaya 3183,nan
MCH-3185,Toko Berkah 3184,Retail
MCH-3186,Toko Maju 3185,F&B
MCH-3187,Toko Maju 3186,F&B
MCH-3188,Toko Makmur 3187,nan
MCH-3189,Toko Makmur 3188,Transportation
MCH-3190,Toko Berkah 3189,Retail
MCH-3191,Toko Jaya 3190,F&B
MCH-3192,Toko Jaya 3191,F&B
MCH-3193,Toko Jaya 3192,F&B
MCH-3194,Toko Maju 3193,Retail
MCH-3195,Toko Maju 3194,Digital Goods
MCH-3196,Toko Lancar 3195,Retail
MCH-3197,Toko Maju 3196,Retail
MCH-3198,Toko Lancar 3197,F&B
MCH-3199,Toko Lancar 3198,Retail
MCH-3200,Toko Berkah 3199,F&B
MCH-3201,Toko Makmur 3200,Digital Goods
MCH-3202,Toko Makmur 3201,Digital Goods
MCH-3203,Toko Makmur 3202,F&B
MCH-3204,Toko Berkah 3203,F&B
MCH-3205,Toko Maju 3204,Retail
MCH-3206,Toko Maju 3205,Retail
MCH-3207,Toko Makmur 3206,F&B
MCH-3208,Toko Makmur 3207,Retail
MCH-3209,Toko Makmur 3208,Transportation
MCH-3210,Toko Lancar 3209,Retail
MCH-3211,Toko Jaya 3210,F&B
MCH-3212,Toko Jaya 3211,F&B
MCH-3213,Toko Jaya 3212,F&B
MCH-3214,Toko Lancar 3213,Digital Goods
MCH-3215,Toko Maju 3214,Digital Goods
MCH-3216,Toko Berkah 3215,nan
MCH-3217,Toko Lancar 3216,Transportation
MCH-3218,Toko Berkah 3217,F&B
MCH-3219,Toko Lancar 3218,Transportation
MCH-3220,Toko Makmur 3219,F&B
MCH-3221,Toko Berkah 3220,F&B
MCH-3222,Toko Jaya 3221,F&B
MCH-3223,Toko Lancar 3222,nan
MCH-3224,Toko Lancar 3223,Retail
MCH-3225,Toko Maju 3224,Retail
MCH-3226,Toko Berkah 3225,F&B
MCH-3227,Toko Berkah 3226,Transportation
MCH-3228,Toko Berkah 3227,Digital Goods
MCH-3229,Toko Jaya 3228,F&B
MCH-3230,Toko Lancar 3229,F&B
MCH-3231,Toko Berkah 3230,F&B
MCH-3232,Toko Makmur 3231,F&B
MCH-3233,Toko Maju 3232,F&B
MCH-3234,Toko Lancar 3233,F&B
MCH-3235,Toko Berkah 3234,F&B
MCH-3236,Toko Maju 3235,F&B
MCH-3237,Toko Makmur 3236,Retail
MCH-3238,Toko Lancar 3237,F&B
MCH-3239,Toko Berkah 3238,F&B
MCH-3240,Toko Berkah 3239,F&B
MCH-3241,Toko Berkah 3240,F&B
MCH-3242,Toko Maju 3241,F&B
MCH-3243,Toko Lancar 3242,Digital Goods
MCH-3244,Toko Jaya 3243,Digital Goods
MCH-3245,Toko Makmur 3244,Transportation
MCH-3246,Toko Lancar 3245,Retail
MCH-3247,Toko Berkah 3246,F&B
MCH-3248,Toko Maju 3247,nan
MCH-3249,Toko Berkah 3248,F&B
MCH-3250,Toko Lancar 3249,Digital Goods
MCH-3251,Toko Berkah 3250,F&B
MCH-3252,Toko Berkah 3251,Retail
MCH-3253,Toko Berkah 3252,Transportation
MCH-3254,Toko Jaya 3253,Transportation
MCH-3255,Toko Maju 3254,F&B
MCH-3256,Toko Maju 3255,F&B
MCH-3257,Toko Lancar 3256,F&B
MCH-3258,Toko Jaya 3257,Transportation
MCH-3259,Toko Berkah 3258,Retail
MCH-3260,Toko Makmur 3259,F&B
MCH-3261,Toko Lancar 3260,Retail
MCH-3262,Toko Lancar 3261,Digital Goods
MCH-3263,Toko Lancar 3262,F&B
MCH-3264,Toko Makmur 3263,F&B
MCH-3265,Toko Berkah 3264,F&B
MCH-3266,Toko Berkah 3265,F&B
MCH-3267,Toko Berkah 3266,F&B
MCH-3268,Toko Maju 3267,F&B
MCH-3269,Toko Makmur 3268,Digital Goods
MCH-3270,Toko Makmur 3269,Retail
MCH-3271,Toko Makmur 3270,Transportation
MCH-3272,Toko Lancar 3271,F&B
MCH-3273,Toko Lancar 3272,F&B
MCH-3274,Toko Lancar 3273,Retail
MCH-3275,Toko Maju 3274,F&B
MCH-3276,Toko Makmur 3275,Retail
MCH-3277,Toko Maju 3276,Digital Goods
MCH-3278,Toko Berkah 3277,Retail
MCH-3279,Toko Jaya 3278,Digital Goods
MCH-3280,Toko Lancar 3279,F&B
MCH-3281,Toko Maju 3280,F&B
MCH-3282,Toko Berkah 3281,Retail
MCH-3283,Toko Jaya 3282,Digital Goods
MCH-3284,Toko Maju 3283,Transportation
MCH-3285,Toko Jaya 3284,Retail
MCH-3286,Toko Maju 3285,F&B
MCH-3287,Toko Berkah 3286,F&B
MCH-3288,Toko Makmur 3287,Retail
MCH-3289,Toko Maju 3288,F&B
MCH-3290,Toko Berkah 3289,Retail
MCH-3291,Toko Maju 3290,F&B
MCH-3292,Toko Jaya 3291,F&B
MCH-3293,Toko Lancar 3292,Transportation
MCH-3294,Toko Lancar 3293,Retail
MCH-3295,Toko Jaya 3294,F&B
MCH-3296,Toko Makmur 3295,Transportation
MCH-3297,Toko Jaya 3296,Transportation
MCH-3298,Toko Lancar 3297,Retail
MCH-3299,Toko Berkah 3298,F&B
MCH-3300,Toko Maju 3299,F&B
MCH-3301,Toko Maju 3300,Transportation
MCH-3302,Toko Makmur 3301,F&B
MCH-3303,Toko Makmur 3302,F&B
MCH-3304,Toko Lancar 3303,Retail
MCH-3305,Toko Berkah 3304,Retail
MCH-3306,Toko Berkah 3305,nan
MCH-3307,Toko Makmur 3306,Retail
MCH-3308,Toko Lancar 3307,F&B
MCH-3309,Toko Berkah 3308,F&B
MCH-3310,Toko Jaya 3309,Retail
MCH-3311,Toko Jaya 3310,F&B
MCH-3312,Toko Maju 3311,F&B
MCH-3313,Toko Lancar 3312,Retail
MCH-3314,Toko Lancar 3313,F&B
MCH-3315,Toko Berkah 3314,Retail
MCH-3316,Toko Makmur 3315,nan
MCH-3317,Toko Berkah 3316,Retail
MCH-3318,Toko Maju 3317,Digital Goods
MCH-3319,Toko Lancar 3318,Digital Goods
MCH-3320,Toko Lancar 3319,F&B
MCH-3321,Toko Jaya 3320,Digital Goods
MCH-3322,Toko Maju 3321,F&B
MCH-3323,Toko Maju 3322,Transportation
MCH-3324,Toko Berkah 3323,nan
MCH-3325,Toko Makmur 3324,Retail
MCH-3326,Toko Lancar 3325,nan
MCH-3327,Toko Jaya 3326,Retail
MCH-3328,Toko Maju 3327,F&B
MCH-3329,Toko Makmur 3328,Transportation
MCH-3330,Toko Lancar 3329,Digital Goods
MCH-3331,Toko Jaya 3330,Retail
MCH-3332,Toko Makmur 3331,F&B
MCH-3333,Toko Lancar 3332,Retail
MCH-3334,Toko Maju 3333,Digital Goods
MCH-3335,Toko Makmur 3334,Digital Goods
MCH-3336,Toko Lancar 3335,Retail
MCH-3337,Toko Jaya 3336,F&B
MCH-3338,Toko Lancar 3337,Retail
MCH-3339,Toko Berkah 3338,F&B
MCH-3340,Toko Maju 3339,Retail
MCH-3341,Toko Jaya 3340,Retail
MCH-3342,Toko Makmur 3341,F&B
MCH-3343,Toko Jaya 3342,F&B
MCH-3344,Toko Lancar 3343,Retail
MCH-3345,Toko Berkah 3344,Digital Goods
MCH-3346,Toko Maju 3345,F&B
MCH-3347,Toko Berkah 3346,Transportation
MCH-3348,Toko Makmur 3347,F&B
MCH-3349,Toko Makmur 3348,Retail
MCH-3350,Toko Makmur 3349,F&B
MCH-3351,Toko Maju 3350,Transportation
MCH-3352,Toko Jaya 3351,F&B
MCH-3353,Toko Jaya 3352,Retail
MCH-3354,Toko Berkah 3353,F&B
MCH-3355,Toko Maju 3354,F&B
MCH-3356,Toko Makmur 3355,F&B
MCH-3357,Toko Makmur 3356,F&B
MCH-3358,Toko Berkah 3357,Retail
MCH-3359,Toko Jaya 3358,F&B
MCH-3360,Toko Lancar 3359,F&B
MCH-3361,Toko Berkah 3360,Transportation
MCH-3362,Toko Lancar 3361,F&B
MCH-3363,Toko Lancar 3362,Digital Goods
MCH-3364,Toko Berkah 3363,Retail
MCH-3365,Toko Jaya 3364,Digital Goods
MCH-3366,Toko Makmur 3365,nan
MCH-3367,Toko Lancar 3366,Retail
MCH-3368,Toko Maju 3367,Retail
MCH-3369,Toko Maju 3368,Retail
MCH-3370,Toko Lancar 3369,Retail
MCH-3371,Toko Berkah 3370,F&B
MCH-3372,Toko Maju 3371,Digital Goods
MCH-3373,Toko Berkah 3372,Retail
MCH-3374,Toko Jaya 3373,F&B
MCH-3375,Toko Maju 3374,F&B
MCH-3376,Toko Makmur 3375,Retail
MCH-3377,Toko Makmur 3376,F&B
MCH-3378,Toko Jaya 3377,Retail
MCH-3379,Toko Jaya 3378,Retail
MCH-3380,Toko Lancar 3379,Retail
MCH-3381,Toko Berkah 3380,F&B
MCH-3382,Toko Berkah 3381,F&B
MCH-3383,Toko Berkah 3382,nan
MCH-3384,Toko Makmur 3383,F&B
MCH-3385,Toko Maju 3384,Transportation
MCH-3386,Toko Makmur 3385,Retail
MCH-3387,Toko Maju 3386,Transportation
MCH-3388,Toko Lancar 3387,Retail
MCH-3389,Toko Berkah 3388,Retail
MCH-3390,Toko Makmur 3389,Digital Goods
MCH-3391,Toko Makmur 3390,Transportation
MCH-3392,Toko Lancar 3391,Digital Goods
MCH-3393,Toko Maju 3392,Transportation
MCH-3394,Toko Lancar 3393,Retail
MCH-3395,Toko Makmur 3394,Retail
MCH-3396,Toko Berkah 3395,nan
MCH-3397,Toko Jaya 3396,Retail
MCH-3398,Toko Lancar 3397,nan
MCH-3399,Toko Lancar 3398,F&B
MCH-3400,Toko Makmur 3399,nan
MCH-3401,Toko Maju 3400,Retail
MCH-3402,Toko Berkah 3401,Digital Goods
MCH-3403,Toko Jaya 3402,F&B
MCH-3404,Toko Berkah 3403,F&B
MCH-3405,Toko Lancar 3404,F&B
MCH-3406,Toko Maju 3405,Retail
MCH-3407,Toko Jaya 3406,F&B
MCH-3408,Toko Lancar 3407,F&B
MCH-3409,Toko Jaya 3408,Retail
MCH-3410,Toko Makmur 3409,F&B
MCH-3411,Toko Makmur 3410,nan
MCH-3412,Toko Maju 3411,Retail
MCH-3413,Toko Berkah 3412,F&B
MCH-3414,Toko Maju 3413,F&B
MCH-3415,Toko Makmur 3414,Retail
MCH-3416,Toko Makmur 3415,F&B
MCH-3417,Toko Lancar 3416,Digital Goods
MCH-3418,Toko Berkah 3417,Retail
MCH-3419,Toko Maju 3418,nan
MCH-3420,Toko Lancar 3419,Digital Goods
MCH-3421,Toko Lancar 3420,Digital Goods
MCH-3422,Toko Jaya 3421,Retail
MCH-3423,Toko Berkah 3422,Digital Goods
MCH-3424,Toko Jaya 3423,Retail
MCH-3425,Toko Makmur 3424,Digital Goods
MCH-3426,Toko Berkah 3425,Digital Goods
MCH-3427,Toko Lancar 3426,F&B
MCH-3428,Toko Makmur 3427,Digital Goods
MCH-3429,Toko Lancar 3428,Digital Goods
MCH-3430,Toko Jaya 3429,Retail
MCH-3431,Toko Berkah 3430,Digital Goods
MCH-3432,Toko Lancar 3431,F&B
MCH-3433,Toko Makmur 3432,Retail
MCH-3434,Toko Lancar 3433,Retail
MCH-3435,Toko Lancar 3434,F&B
MCH-3436,Toko Jaya 3435,Retail
MCH-3437,Toko Berkah 3436,Digital Goods
MCH-3438,Toko Makmur 3437,F&B
MCH-3439,Toko Maju 3438,Retail
MCH-3440,Toko Jaya 3439,Retail
MCH-3441,Toko Makmur 3440,Transportation
MCH-3442,Toko Lancar 3441,F&B
MCH-3443,Toko Jaya 3442,F&B
MCH-3444,Toko Lancar 3443,Retail
MCH-3445,Toko Jaya 3444,Retail
MCH-3446,Toko Jaya 3445,Digital Goods
MCH-3447,Toko Jaya 3446,nan
MCH-3448,Toko Makmur 3447,F&B
MCH-3449,Toko Maju 3448,Retail
MCH-3450,Toko Maju 3449,F&B
MCH-3451,Toko Lancar 3450,Retail
MCH-3452,Toko Lancar 3451,F&B
MCH-3453,Toko Maju 3452,F&B
MCH-3454,Toko Berkah 3453,Retail
MCH-3455,Toko Maju 3454,F&B
MCH-3456,Toko Maju 3455,Retail
MCH-3457,Toko Maju 3456,Digital Goods
MCH-3458,Toko Maju 3457,Retail
MCH-3459,Toko Lancar 3458,F&B
MCH-3460,Toko Jaya 3459,nan
MCH-3461,Toko Maju 3460,Digital Goods
MCH-3462,Toko Makmur 3461,Digital Goods
MCH-3463,Toko Maju 3462,F&B
MCH-3464,Toko Lancar 3463,Digital Goods
MCH-3465,Toko Lancar 3464,Transportation
MCH-3466,Toko Makmur 3465,Digital Goods
MCH-3467,Toko Makmur 3466,Digital Goods
MCH-3468,Toko Berkah 3467,Digital Goods
MCH-3469,Toko Lancar 3468,Retail
MCH-3470,Toko Maju 3469,F&B
MCH-3471,Toko Berkah 3470,Retail
MCH-3472,Toko Makmur 3471,Digital Goods
MCH-3473,Toko Berkah 3472,F&B
MCH-3474,Toko Maju 3473,Digital Goods
MCH-3475,Toko Lancar 3474,Digital Goods
MCH-3476,Toko Lancar 3475,Digital Goods
MCH-3477,Toko Maju 3476,Digital Goods
MCH-3478,Toko Jaya 3477,F&B
MCH-3479,Toko Maju 3478,Transportation
MCH-3480,Toko Maju 3479,Retail
MCH-3481,Toko Jaya 3480,Digital Goods
MCH-3482,Toko Lancar 3481,Retail
MCH-3483,Toko Makmur 3482,F&B
MCH-3484,Toko Berkah 3483,nan
MCH-3485,Toko Maju 3484,F&B
MCH-3486,Toko Lancar 3485,Transportation
MCH-3487,Toko Jaya 3486,Retail
MCH-3488,Toko Makmur 3487,nan
MCH-3489,Toko Makmur 3488,F&B
MCH-3490,Toko Berkah 3489,Transportation
MCH-3491,Toko Maju 3490,F&B
MCH-3492,Toko Maju 3491,Retail
MCH-3493,Toko Lancar 3492,F&B
MCH-3494,Toko Maju 3493,F&B
MCH-3495,Toko Lancar 3494,Transportation
MCH-3496,Toko Jaya 3495,F&B
MCH-3497,Toko Jaya 3496,Transportation
MCH-3498,Toko Lancar 3497,F&B
MCH-3499,Toko Lancar 3498,Retail
MCH-3500,Toko Lancar 3499,Transportation
MCH-3501,Toko Lancar 3500,Retail
MCH-3502,Toko Berkah 3501,Retail
MCH-3503,Toko Jaya 3502,Transportation
MCH-3504,Toko Lancar 3503,Retail
MCH-3505,Toko Lancar 3504,Retail
MCH-3506,Toko Jaya 3505,Digital Goods
MCH-3507,Toko Berkah 3506,nan
MCH-3508,Toko Lancar 3507,Transportation
MCH-3509,Toko Makmur 3508,Transportation
MCH-3510,Toko Berkah 3509,Transportation
MCH-3511,Toko Lancar 3510,Digital Goods
MCH-3512,Toko Lancar 3511,Retail
MCH-3513,Toko Maju 3512,Retail
MCH-3514,Toko Jaya 3513,F&B
MCH-3515,Toko Lancar 3514,Transportation
MCH-3516,Toko Lancar 3515,Retail
MCH-3517,Toko Berkah 3516,nan
MCH-3518,Toko Jaya 3517,F&B
MCH-3519,Toko Lancar 3518,F&B
MCH-3520,Toko Jaya 3519,Transportation
MCH-3521,Toko Berkah 3520,F&B
MCH-3522,Toko Makmur 3521,F&B
MCH-3523,Toko Jaya 3522,F&B
MCH-3524,Toko Maju 3523,Retail
MCH-3525,Toko Jaya 3524,Digital Goods
MCH-3526,Toko Maju 3525,F&B
MCH-3527,Toko Jaya 3526,F&B
MCH-3528,Toko Makmur 3527,Retail
MCH-3529,Toko Makmur 3528,F&B
MCH-3530,Toko Lancar 3529,F&B
MCH-3531,Toko Lancar 3530,F&B
MCH-3532,Toko Jaya 3531,Digital Goods
MCH-3533,Toko Lancar 3532,F&B
MCH-3534,Toko Lancar 3533,F&B
MCH-3535,Toko Berkah 3534,Retail
MCH-3536,Toko Berkah 3535,F&B
MCH-3537,Toko Berkah 3536,F&B
MCH-3538,Toko Maju 3537,F&B
MCH-3539,Toko Maju 3538,nan
MCH-3540,Toko Makmur 3539,Digital Goods
MCH-3541,Toko Lancar 3540,F&B
MCH-3542,Toko Makmur 3541,F&B
MCH-3543,Toko Makmur 3542,F&B
MCH-3544,Toko Makmur 3543,F&B
MCH-3545,Toko Maju 3544,Digital Goods
MCH-3546,Toko Jaya 3545,F&B
MCH-3547,Toko Lancar 3546,Digital Goods
MCH-3548,Toko Berkah 3547,Retail
MCH-3549,Toko Lancar 3548,F&B
MCH-3550,Toko Makmur 3549,Retail
MCH-3551,Toko Makmur 3550,Transportation
MCH-3552,Toko Makmur 3551,F&B
MCH-3553,Toko Maju 3552,F&B
MCH-3554,Toko Jaya 3553,Digital Goods
MCH-3555,Toko Maju 3554,Digital Goods
MCH-3556,Toko Maju 3555,Digital Goods
MCH-3557,Toko Lancar 3556,F&B
MCH-3558,Toko Maju 3557,Retail
MCH-3559,Toko Maju 3558,Digital Goods
MCH-3560,Toko Jaya 3559,F&B
MCH-3561,Toko Jaya 3560,Digital Goods
MCH-3562,Toko Berkah 3561,nan
MCH-3563,Toko Lancar 3562,F&B
MCH-3564,Toko Jaya 3563,F&B
MCH-3565,Toko Maju 3564,Digital Goods
MCH-3566,Toko Berkah 3565,Digital Goods
MCH-3567,Toko Berkah 3566,Transportation
MCH-3568,Toko Maju 3567,F&B
MCH-3569,Toko Jaya 3568,Digital Goods
MCH-3570,Toko Lancar 3569,Digital Goods
MCH-3571,Toko Lancar 3570,F&B
MCH-3572,Toko Maju 3571,F&B
MCH-3573,Toko Berkah 3572,F&B
MCH-3574,Toko Makmur 3573,F&B
MCH-3575,Toko Maju 3574,F&B
MCH-3576,Toko Berkah 3575,Retail
MCH-3577,Toko Lancar 3576,F&B
MCH-3578,Toko Berkah 3577,Digital Goods
MCH-3579,Toko Jaya 3578,Retail
MCH-3580,Toko Berkah 3579,Retail
MCH-3581,Toko Makmur 3580,Digital Goods
MCH-3582,Toko Berkah 3581,Digital Goods
MCH-3583,Toko Makmur 3582,Transportation
MCH-3584,Toko Berkah 3583,F&B
MCH-3585,Toko Maju 3584,Digital Goods
MCH-3586,Toko Jaya 3585,nan
MCH-3587,Toko Makmur 3586,Digital Goods
MCH-3588,Toko Maju 3587,F&B
MCH-3589,Toko Makmur 3588,Retail
MCH-3590,Toko Jaya 3589,Retail
MCH-3591,Toko Jaya 3590,Retail
MCH-3592,Toko Lancar 3591,F&B
MCH-3593,Toko Berkah 3592,F&B
MCH-3594,Toko Maju 3593,Digital Goods
MCH-3595,Toko Lancar 3594,F&B
MCH-3596,Toko Makmur 3595,F&B
MCH-3597,Toko Lancar 3596,F&B
MCH-3598,Toko Berkah 3597,Digital Goods
MCH-3599,Toko Berkah 3598,F&B
MCH-3600,Toko Lancar 3599,F&B
MCH-3601,Toko Berkah 3600,Retail
MCH-3602,Toko Jaya 3601,F&B
MCH-3603,Toko Lancar 3602,F&B
MCH-3604,Toko Maju 3603,Retail
MCH-3605,Toko Maju 3604,Digital Goods
MCH-3606,Toko Makmur 3605,Retail
MCH-3607,Toko Jaya 3606,Retail
MCH-3608,Toko Jaya 3607,Retail
MCH-3609,Toko Lancar 3608,Transportation
MCH-3610,Toko Jaya 3609,Retail
MCH-3611,Toko Lancar 3610,F&B
MCH-3612,Toko Makmur 3611,F&B
MCH-3613,Toko Maju 3612,Digital Goods
MCH-3614,Toko Makmur 3613,F&B
MCH-3615,Toko Maju 3614,Retail
MCH-3616,Toko Lancar 3615,Retail
MCH-3617,Toko Berkah 3616,Digital Goods
MCH-3618,Toko Maju 3617,Retail
MCH-3619,Toko Maju 3618,F&B
MCH-3620,Toko Jaya 3619,Digital Goods
MCH-3621,Toko Maju 3620,F&B
MCH-3622,Toko Makmur 3621,Transportation
MCH-3623,Toko Jaya 3622,Retail
MCH-3624,Toko Makmur 3623,Retail
MCH-3625,Toko Berkah 3624,Digital Goods
MCH-3626,Toko Berkah 3625,Transportation
MCH-3627,Toko Jaya 3626,Retail
MCH-3628,Toko Lancar 3627,F&B
MCH-3629,Toko Lancar 3628,Retail
MCH-3630,Toko Berkah 3629,F&B
MCH-3631,Toko Maju 3630,F&B
MCH-3632,Toko Lancar 3631,Digital Goods
MCH-3633,Toko Lancar 3632,F&B
MCH-3634,Toko Lancar 3633,F&B
MCH-3635,Toko Makmur 3634,Retail
MCH-3636,Toko Jaya 3635,Retail
MCH-3637,Toko Jaya 3636,Retail
MCH-3638,Toko Maju 3637,Retail
MCH-3639,Toko Maju 3638,Transportation
MCH-3640,Toko Lancar 3639,F&B
MCH-3641,Toko Maju 3640,F&B
MCH-3642,Toko Lancar 3641,F&B
MCH-3643,Toko Lancar 3642,Digital Goods
MCH-3644,Toko Jaya 3643,Retail
MCH-3645,Toko Makmur 3644,F&B
MCH-3646,Toko Maju 3645,F&B
MCH-3647,Toko Makmur 3646,Transportation
MCH-3648,Toko Makmur 3647,Digital Goods
MCH-3649,Toko Jaya 3648,F&B
MCH-3650,Toko Lancar 3649,F&B
MCH-3651,Toko Berkah 3650,F&B
MCH-3652,Toko Jaya 3651,F&B
MCH-3653,Toko Lancar 3652,Transportation
MCH-3654,Toko Jaya 3653,Retail
MCH-3655,Toko Berkah 3654,Transportation
MCH-3656,Toko Maju 3655,Retail
MCH-3657,Toko Makmur 3656,Retail
MCH-3658,Toko Berkah 3657,Retail
MCH-3659,Toko Lancar 3658,Retail
MCH-3660,Toko Berkah 3659,Retail
MCH-3661,Toko Jaya 3660,F&B
MCH-3662,Toko Jaya 3661,Retail
MCH-3663,Toko Maju 3662,Retail
MCH-3664,Toko Makmur 3663,F&B
MCH-3665,Toko Jaya 3664,F&B
MCH-3666,Toko Berkah 3665,Retail
MCH-3667,Toko Makmur 3666,nan
MCH-3668,Toko Makmur 3667,Retail
MCH-3669,Toko Makmur 3668,F&B
MCH-3670,Toko Lancar 3669,F&B
MCH-3671,Toko Jaya 3670,F&B
MCH-3672,Toko Maju 3671,F&B
MCH-3673,Toko Lancar 3672,F&B
MCH-3674,Toko Berkah 3673,F&B
MCH-3675,Toko Jaya 3674,F&B
MCH-3676,Toko Maju 3675,F&B
MCH-3677,Toko Maju 3676,F&B
MCH-3678,Toko Jaya 3677,F&B
MCH-3679,Toko Maju 3678,Digital Goods
MCH-3680,Toko Lancar 3679,Digital Goods
MCH-3681,Toko Makmur 3680,Transportation
MCH-3682,Toko Makmur 3681,F&B
MCH-3683,Toko Maju 3682,Digital Goods
MCH-3684,Toko Berkah 3683,Retail
MCH-3685,Toko Lancar 3684,Digital Goods
MCH-3686,Toko Maju 3685,F&B
MCH-3687,Toko Berkah 3686,F&B
MCH-3688,Toko Lancar 3687,F&B
MCH-3689,Toko Makmur 3688,Retail
MCH-3690,Toko Makmur 3689,Transportation
MCH-3691,Toko Makmur 3690,F&B
MCH-3692,Toko Lancar 3691,Retail
MCH-3693,Toko Makmur 3692,F&B
MCH-3694,Toko Jaya 3693,Digital Goods
MCH-3695,Toko Lancar 3694,Retail
MCH-3696,Toko Maju 3695,F&B
MCH-3697,Toko Makmur 3696,F&B
MCH-3698,Toko Makmur 3697,F&B
MCH-3699,Toko Jaya 3698,nan
MCH-3700,Toko Lancar 3699,nan
MCH-3701,Toko Lancar 3700,Transportation
MCH-3702,Toko Lancar 3701,Retail
MCH-3703,Toko Lancar 3702,Digital Goods
MCH-3704,Toko Makmur 3703,Digital Goods
MCH-3705,Toko Maju 3704,Retail
MCH-3706,Toko Makmur 3705,F&B
MCH-3707,Toko Lancar 3706,Digital Goods
MCH-3708,Toko Maju 3707,F&B
MCH-3709,Toko Jaya 3708,Digital Goods
MCH-3710,Toko Lancar 3709,Digital Goods
MCH-3711,Toko Jaya 3710,Retail
MCH-3712,Toko Maju 3711,Retail
MCH-3713,Toko Makmur 3712,Transportation
MCH-3714,Toko Maju 3713,F&B
MCH-3715,Toko Lancar 3714,F&B
MCH-3716,Toko Jaya 3715,F&B
MCH-3717,Toko Jaya 3716,Digital Goods
MCH-3718,Toko Maju 3717,F&B
MCH-3719,Toko Makmur 3718,F&B
MCH-3720,Toko Berkah 3719,Retail
MCH-3721,Toko Jaya 3720,Retail
MCH-3722,Toko Lancar 3721,Retail
MCH-3723,Toko Makmur 3722,F&B
MCH-3724,Toko Berkah 3723,F&B
MCH-3725,Toko Lancar 3724,Retail
MCH-3726,Toko Maju 3725,Digital Goods
MCH-3727,Toko Maju 3726,F&B
MCH-3728,Toko Jaya 3727,Digital Goods
MCH-3729,Toko Lancar 3728,Retail
MCH-3730,Toko Lancar 3729,F&B
MCH-3731,Toko Berkah 3730,F&B
MCH-3732,Toko Maju 3731,Transportation
MCH-3733,Toko Maju 3732,F&B
MCH-3734,Toko Jaya 3733,F&B
MCH-3735,Toko Lancar 3734,Transportation
MCH-3736,Toko Jaya 3735,F&B
MCH-3737,Toko Berkah 3736,F&B
MCH-3738,Toko Makmur 3737,F&B
MCH-3739,Toko Makmur 3738,F&B
MCH-3740,Toko Jaya 3739,nan
MCH-3741,Toko Lancar 3740,F&B
MCH-3742,Toko Lancar 3741,Transportation
MCH-3743,Toko Maju 3742,Retail
MCH-3744,Toko Berkah 3743,Retail
MCH-3745,Toko Berkah 3744,Retail
MCH-3746,Toko Makmur 3745,Digital Goods
MCH-3747,Toko Berkah 3746,F&B
MCH-3748,Toko Lancar 3747,F&B
MCH-3749,Toko Berkah 3748,Digital Goods
MCH-3750,Toko Makmur 3749,Digital Goods
MCH-3751,Toko Lancar 3750,nan
MCH-3752,Toko Berkah 3751,Digital Goods
MCH-3753,Toko Berkah 3752,F&B
MCH-3754,Toko Maju 3753,F&B
MCH-3755,Toko Maju 3754,F&B
MCH-3756,Toko Makmur 3755,Digital Goods
MCH-3757,Toko Jaya 3756,F&B
MCH-3758,Toko Makmur 3757,Retail
MCH-3759,Toko Makmur 3758,F&B
MCH-3760,Toko Berkah 3759,Digital Goods
MCH-3761,Toko Berkah 3760,Retail
MCH-3762,Toko Jaya 3761,Digital Goods
MCH-3763,Toko Maju 3762,F&B
MCH-3764,Toko Berkah 3763,Digital Goods
MCH-3765,Toko Makmur 3764,F&B
MCH-3766,Toko Makmur 3765,nan
MCH-3767,Toko Jaya 3766,Digital Goods
MCH-3768,Toko Maju 3767,Retail
MCH-3769,Toko Berkah 3768,nan
MCH-3770,Toko Makmur 3769,F&B
MCH-3771,Toko Berkah 3770,Digital Goods
MCH-3772,Toko Jaya 3771,F&B
MCH-3773,Toko Lancar 3772,Retail
MCH-3774,Toko Jaya 3773,Digital Goods
MCH-3775,Toko Lancar 3774,nan
MCH-3776,Toko Jaya 3775,Digital Goods
MCH-3777,Toko Maju 3776,Retail
MCH-3778,Toko Makmur 3777,nan
MCH-3779,Toko Maju 3778,Transportation
MCH-3780,Toko Lancar 3779,F&B
MCH-3781,Toko Maju 3780,Retail
MCH-3782,Toko Berkah 3781,Retail
MCH-3783,Toko Makmur 3782,Transportation
MCH-3784,Toko Jaya 3783,Retail
MCH-3785,Toko Makmur 3784,Retail
MCH-3786,Toko Makmur 3785,F&B
MCH-3787,Toko Maju 3786,Retail
MCH-3788,Toko Makmur 3787,Transportation
MCH-3789,Toko Berkah 3788,F&B
MCH-3790,Toko Maju 3789,F&B
MCH-3791,Toko Lancar 3790,Retail
MCH-3792,Toko Maju 3791,Retail
MCH-3793,Toko Maju 3792,F&B
MCH-3794,Toko Berkah 3793,Retail
MCH-3795,Toko Makmur 3794,Digital Goods
MCH-3796,Toko Maju 3795,Retail
MCH-3797,Toko Berkah 3796,Retail
MCH-3798,Toko Lancar 3797,F&B
MCH-3799,Toko Berkah 3798,Transportation
MCH-3800,Toko Jaya 3799,Digital Goods
MCH-3801,Toko Lancar 3800,Digital Goods
MCH-3802,Toko Lancar 3801,nan
MCH-3803,Toko Maju 3802,Digital Goods
MCH-3804,Toko Maju 3803,F&B
MCH-3805,Toko Jaya 3804,Retail
MCH-3806,Toko Makmur 3805,Digital Goods
MCH-3807,Toko Berkah 3806,Retail
MCH-3808,Toko Lancar 3807,F&B
MCH-3809,Toko Lancar 3808,F&B
MCH-3810,Toko Lancar 3809,Digital Goods
MCH-3811,Toko Lancar 3810,F&B
MCH-3812,Toko Lancar 3811,Transportation
MCH-3813,Toko Lancar 3812,F&B
MCH-3814,Toko Berkah 3813,F&B
MCH-3815,Toko Makmur 3814,Transportation
MCH-3816,Toko Jaya 3815,F&B
MCH-3817,Toko Berkah 3816,F&B
MCH-3818,Toko Berkah 3817,F&B
MCH-3819,Toko Berkah 3818,Digital Goods
MCH-3820,Toko Maju 3819,F&B
MCH-3821,Toko Berkah 3820,F&B
MCH-3822,Toko Lancar 3821,Retail
MCH-3823,Toko Berkah 3822,F&B
MCH-3824,Toko Maju 3823,nan
MCH-3825,Toko Makmur 3824,F&B
MCH-3826,Toko Jaya 3825,Transportation
MCH-3827,Toko Makmur 3826,Digital Goods
MCH-3828,Toko Lancar 3827,nan
MCH-3829,Toko Lancar 3828,F&B
MCH-3830,Toko Makmur 3829,F&B
MCH-3831,Toko Maju 3830,F&B
MCH-3832,Toko Lancar 3831,F&B
MCH-3833,Toko Jaya 3832,F&B
MCH-3834,Toko Jaya 3833,Retail
MCH-3835,Toko Makmur 3834,Retail
MCH-3836,Toko Makmur 3835,Digital Goods
MCH-3837,Toko Jaya 3836,Retail
MCH-3838,Toko Makmur 3837,F&B
MCH-3839,Toko Berkah 3838,F&B
MCH-3840,Toko Makmur 3839,Retail
MCH-3841,Toko Jaya 3840,F&B
MCH-3842,Toko Jaya 3841,F&B
MCH-3843,Toko Berkah 3842,Retail
MCH-3844,Toko Makmur 3843,F&B
MCH-3845,Toko Makmur 3844,Digital Goods
MCH-3846,Toko Jaya 3845,F&B
MCH-3847,Toko Berkah 3846,Transportation
MCH-3848,Toko Maju 3847,F&B
MCH-3849,Toko Berkah 3848,F&B
MCH-3850,Toko Lancar 3849,F&B
MCH-3851,Toko Lancar 3850,Retail
MCH-3852,Toko Lancar 3851,Transportation
MCH-3853,Toko Makmur 3852,F&B
MCH-3854,Toko Makmur 3853,Digital Goods
MCH-3855,Toko Jaya 3854,F&B
MCH-3856,Toko Berkah 3855,Retail
MCH-3857,Toko Berkah 3856,F&B
MCH-3858,Toko Makmur 3857,F&B
MCH-3859,Toko Makmur 3858,Transportation
MCH-3860,Toko Maju 3859,Retail
MCH-3861,Toko Maju 3860,F&B
MCH-3862,Toko Lancar 3861,nan
MCH-3863,Toko Lancar 3862,Transportation
MCH-3864,Toko Berkah 3863,F&B
MCH-3865,Toko Jaya 3864,F&B
MCH-3866,Toko Berkah 3865,F&B
MCH-3867,Toko Maju 3866,Transportation
MCH-3868,Toko Jaya 3867,Retail
MCH-3869,Toko Jaya 3868,Digital Goods
MCH-3870,Toko Makmur 3869,F&B
MCH-3871,Toko Jaya 3870,F&B
MCH-3872,Toko Maju 3871,nan
MCH-3873,Toko Lancar 3872,F&B
MCH-3874,Toko Makmur 3873,F&B
MCH-3875,Toko Jaya 3874,Retail
MCH-3876,Toko Lancar 3875,nan
MCH-3877,Toko Makmur 3876,nan
MCH-3878,Toko Makmur 3877,nan
MCH-3879,Toko Makmur 3878,F&B
MCH-3880,Toko Berkah 3879,Transportation
MCH-3881,Toko Makmur 3880,Retail
MCH-3882,Toko Lancar 3881,Retail
MCH-3883,Toko Berkah 3882,Digital Goods
MCH-3884,Toko Maju 3883,Retail
MCH-3885,Toko Lancar 3884,Digital Goods
MCH-3886,Toko Maju 3885,Retail
MCH-3887,Toko Berkah 3886,F&B
MCH-3888,Toko Lancar 3887,Digital Goods
MCH-3889,Toko Berkah 3888,nan
MCH-3890,Toko Maju 3889,Retail
MCH-3891,Toko Lancar 3890,F&B
MCH-3892,Toko Jaya 3891,Digital Goods
MCH-3893,Toko Lancar 3892,Digital Goods
MCH-3894,Toko Berkah 3893,F&B
MCH-3895,Toko Maju 3894,F&B
MCH-3896,Toko Makmur 3895,Digital Goods
MCH-3897,Toko Lancar 3896,F&B
MCH-3898,Toko Jaya 3897,F&B
MCH-3899,Toko Maju 3898,F&B
MCH-3900,Toko Jaya 3899,F&B
MCH-3901,Toko Jaya 3900,F&B
MCH-3902,Toko Jaya 3901,nan
MCH-3903,Toko Jaya 3902,F&B
MCH-3904,Toko Lancar 3903,Transportation
MCH-3905,Toko Lancar 3904,Digital Goods
MCH-3906,Toko Maju 3905,Transportation
MCH-3907,Toko Lancar 3906,Digital Goods
MCH-3908,Toko Makmur 3907,F&B
MCH-3909,Toko Jaya 3908,F&B
MCH-3910,Toko Berkah 3909,Retail
MCH-3911,Toko Makmur 3910,F&B
MCH-3912,Toko Maju 3911,F&B
MCH-3913,Toko Lancar 3912,Transportation
MCH-3914,Toko Berkah 3913,Retail
MCH-3915,Toko Jaya 3914,Retail
MCH-3916,Toko Berkah 3915,F&B
MCH-3917,Toko Jaya 3916,F&B
MCH-3918,Toko Maju 3917,F&B
MCH-3919,Toko Maju 3918,Retail
MCH-3920,Toko Jaya 3919,F&B
MCH-3921,Toko Berkah 3920,nan
MCH-3922,Toko Berkah 3921,Transportation
MCH-3923,Toko Berkah 3922,F&B
MCH-3924,Toko Maju 3923,F&B
MCH-3925,Toko Berkah 3924,Transportation
MCH-3926,Toko Berkah 3925,Digital Goods
MCH-3927,Toko Berkah 3926,F&B
MCH-3928,Toko Makmur 3927,Transportation
MCH-3929,Toko Berkah 3928,F&B
MCH-3930,Toko Maju 3929,Retail
MCH-3931,Toko Berkah 3930,Digital Goods
MCH-3932,Toko Makmur 3931,F&B
MCH-3933,Toko Maju 3932,Retail
MCH-3934,Toko Lancar 3933,F&B
MCH-3935,Toko Makmur 3934,F&B
MCH-3936,Toko Berkah 3935,F&B
MCH-3937,Toko Jaya 3936,Digital Goods
MCH-3938,Toko Makmur 3937,F&B
MCH-3939,Toko Berkah 3938,F&B
MCH-3940,Toko Lancar 3939,Retail
MCH-3941,Toko Maju 3940,F&B
MCH-3942,Toko Maju 3941,Digital Goods
MCH-3943,Toko Maju 3942,F&B
MCH-3944,Toko Berkah 3943,Retail
MCH-3945,Toko Makmur 3944,F&B
MCH-3946,Toko Lancar 3945,F&B
MCH-3947,Toko Makmur 3946,nan
MCH-3948,Toko Lancar 3947,Retail
MCH-3949,Toko Berkah 3948,Retail
MCH-3950,Toko Lancar 3949,Retail
MCH-3951,Toko Makmur 3950,F&B
MCH-3952,Toko Berkah 3951,Retail
MCH-3953,Toko Lancar 3952,Digital Goods
MCH-3954,Toko Lancar 3953,Retail
MCH-3955,Toko Makmur 3954,Retail
MCH-3956,Toko Makmur 3955,Digital Goods
MCH-3957,Toko Jaya 3956,F&B
MCH-3958,Toko Jaya 3957,Transportation
MCH-3959,Toko Maju 3958,F&B
MCH-3960,Toko Jaya 3959,Retail
MCH-3961,Toko Lancar 3960,Retail
MCH-3962,Toko Lancar 3961,Transportation
MCH-3963,Toko Lancar 3962,F&B
MCH-3964,Toko Lancar 3963,Transportation
MCH-3965,Toko Lancar 3964,Retail
MCH-3966,Toko Makmur 3965,Retail
MCH-3967,Toko Makmur 3966,F&B
MCH-3968,Toko Lancar 3967,Digital Goods
MCH-3969,Toko Lancar 3968,Retail
MCH-3970,Toko Berkah 3969,Retail
MCH-3971,Toko Lancar 3970,F&B
MCH-3972,Toko Berkah 3971,F&B
MCH-3973,Toko Makmur 3972,nan
MCH-3974,Toko Berkah 3973,Digital Goods
MCH-3975,Toko Jaya 3974,F&B
MCH-3976,Toko Maju 3975,F&B
MCH-3977,Toko Maju 3976,F&B
MCH-3978,Toko Maju 3977,F&B
MCH-3979,Toko Jaya 3978,F&B
MCH-3980,Toko Makmur 3979,F&B
MCH-3981,Toko Jaya 3980,F&B
MCH-3982,Toko Lancar 3981,Digital Goods
MCH-3983,Toko Makmur 3982,F&B
MCH-3984,Toko Makmur 3983,Retail
MCH-3985,Toko Makmur 3984,F&B
MCH-3986,Toko Makmur 3985,F&B
MCH-3987,Toko Maju 3986,Retail
MCH-3988,Toko Jaya 3987,F&B
MCH-3989,Toko Maju 3988,F&B
MCH-3990,Toko Jaya 3989,Transportation
MCH-3991,Toko Berkah 3990,Digital Goods
MCH-3992,Toko Jaya 3991,Transportation
MCH-3993,Toko Makmur 3992,Retail
MCH-3994,Toko Jaya 3993,F&B
MCH-3995,Toko Maju 3994,F&B
MCH-3996,Toko Jaya 3995,F&B
MCH-3997,Toko Makmur 3996,Transportation
MCH-3998,Toko Maju 3997,Retail
MCH-3999,Toko Lancar 3998,Retail
MCH-4000,Toko Lancar 3999,Digital Goods
MCH-4001,Toko Berkah 4000,Retail
MCH-4002,Toko Berkah 4001,Retail
MCH-4003,Toko Lancar 4002,Retail
MCH-4004,Toko Maju 4003,Digital Goods
MCH-4005,Toko Berkah 4004,F&B
MCH-4006,Toko Makmur 4005,Retail
MCH-4007,Toko Jaya 4006,Transportation
MCH-4008,Toko Maju 4007,F&B
MCH-4009,Toko Makmur 4008,Digital Goods
MCH-4010,Toko Jaya 4009,F&B
MCH-4011,Toko Jaya 4010,Transportation
MCH-4012,Toko Makmur 4011,Retail
MCH-4013,Toko Makmur 4012,F&B
MCH-4014,Toko Jaya 4013,F&B
MCH-4015,Toko Makmur 4014,F&B
MCH-4016,Toko Maju 4015,Retail
MCH-4017,Toko Maju 4016,F&B
MCH-4018,Toko Jaya 4017,Digital Goods
MCH-4019,Toko Berkah 4018,Digital Goods
MCH-4020,Toko Jaya 4019,Digital Goods
MCH-4021,Toko Lancar 4020,F&B
MCH-4022,Toko Maju 4021,Retail
MCH-4023,Toko Maju 4022,F&B
MCH-4024,Toko Makmur 4023,F&B
MCH-4025,Toko Jaya 4024,Digital Goods
MCH-4026,Toko Maju 4025,F&B
MCH-4027,Toko Maju 4026,F&B
MCH-4028,Toko Lancar 4027,F&B
MCH-4029,Toko Berkah 4028,Retail
MCH-4030,Toko Lancar 4029,Retail
MCH-4031,Toko Maju 4030,Digital Goods
MCH-4032,Toko Maju 4031,Transportation
MCH-4033,Toko Jaya 4032,Digital Goods
MCH-4034,Toko Maju 4033,F&B
MCH-4035,Toko Berkah 4034,F&B
MCH-4036,Toko Makmur 4035,Transportation
MCH-4037,Toko Makmur 4036,Digital Goods
MCH-4038,Toko Lancar 4037,Digital Goods
MCH-4039,Toko Jaya 4038,Digital Goods
MCH-4040,Toko Makmur 4039,F&B
MCH-4041,Toko Maju 4040,F&B
MCH-4042,Toko Lancar 4041,Retail
MCH-4043,Toko Maju 4042,F&B
MCH-4044,Toko Makmur 4043,Digital Goods
MCH-4045,Toko Berkah 4044,Retail
MCH-4046,Toko Berkah 4045,F&B
MCH-4047,Toko Berkah 4046,F&B
MCH-4048,Toko Makmur 4047,Retail
MCH-4049,Toko Makmur 4048,F&B
MCH-4050,Toko Maju 4049,F&B
MCH-4051,Toko Lancar 4050,F&B
MCH-4052,Toko Lancar 4051,Transportation
MCH-4053,Toko Maju 4052,F&B
MCH-4054,Toko Berkah 4053,Retail
MCH-4055,Toko Berkah 4054,Transportation
MCH-4056,Toko Makmur 4055,Retail
MCH-4057,Toko Jaya 4056,Digital Goods
MCH-4058,Toko Lancar 4057,F&B
MCH-4059,Toko Jaya 4058,Retail
MCH-4060,Toko Makmur 4059,Transportation
MCH-4061,Toko Jaya 4060,F&B
MCH-4062,Toko Lancar 4061,Retail
MCH-4063,Toko Lancar 4062,F&B
MCH-4064,Toko Jaya 4063,F&B
MCH-4065,Toko Makmur 4064,Digital Goods
MCH-4066,Toko Maju 4065,Retail
MCH-4067,Toko Makmur 4066,Transportation
MCH-4068,Toko Berkah 4067,F&B
MCH-4069,Toko Berkah 4068,Retail
MCH-4070,Toko Jaya 4069,Retail
MCH-4071,Toko Berkah 4070,F&B
MCH-4072,Toko Lancar 4071,F&B
MCH-4073,Toko Jaya 4072,Transportation
MCH-4074,Toko Maju 4073,F&B
MCH-4075,Toko Makmur 4074,F&B
MCH-4076,Toko Jaya 4075,Transportation
MCH-4077,Toko Jaya 4076,Retail
MCH-4078,Toko Maju 4077,F&B
MCH-4079,Toko Maju 4078,Retail
MCH-4080,Toko Maju 4079,Digital Goods
MCH-4081,Toko Makmur 4080,F&B
MCH-4082,Toko Lancar 4081,F&B
MCH-4083,Toko Makmur 4082,F&B
MCH-4084,Toko Maju 4083,F&B
MCH-4085,Toko Berkah 4084,nan
MCH-4086,Toko Jaya 4085,F&B
MCH-4087,Toko Makmur 4086,F&B
MCH-4088,Toko Jaya 4087,nan
MCH-4089,Toko Lancar 4088,Retail
MCH-4090,Toko Jaya 4089,F&B
MCH-4091,Toko Maju 4090,Retail
MCH-4092,Toko Maju 4091,F&B
MCH-4093,Toko Makmur 4092,Retail
MCH-4094,Toko Lancar 4093,F&B
MCH-4095,Toko Berkah 4094,F&B
MCH-4096,Toko Maju 4095,F&B
MCH-4097,Toko Maju 4096,F&B
MCH-4098,Toko Jaya 4097,Retail
MCH-4099,Toko Jaya 4098,Transportation
MCH-4100,Toko Makmur 4099,Digital Goods
MCH-4101,Toko Makmur 4100,F&B
MCH-4102,Toko Makmur 4101,Retail
MCH-4103,Toko Jaya 4102,F&B
MCH-4104,Toko Jaya 4103,Digital Goods
MCH-4105,Toko Maju 4104,Digital Goods
MCH-4106,Toko Lancar 4105,F&B
MCH-4107,Toko Jaya 4106,Digital Goods
MCH-4108,Toko Maju 4107,F&B
MCH-4109,Toko Maju 4108,F&B
MCH-4110,Toko Maju 4109,F&B
MCH-4111,Toko Makmur 4110,F&B
MCH-4112,Toko Jaya 4111,Retail
MCH-4113,Toko Makmur 4112,Retail
MCH-4114,Toko Jaya 4113,F&B
MCH-4115,Toko Berkah 4114,Retail
MCH-4116,Toko Maju 4115,nan
MCH-4117,Toko Berkah 4116,Retail
MCH-4118,Toko Lancar 4117,Retail
MCH-4119,Toko Berkah 4118,Retail
MCH-4120,Toko Jaya 4119,Retail
MCH-4121,Toko Berkah 4120,Transportation
MCH-4122,Toko Jaya 4121,Retail
MCH-4123,Toko Makmur 4122,F&B
MCH-4124,Toko Maju 4123,F&B
MCH-4125,Toko Maju 4124,F&B
MCH-4126,Toko Jaya 4125,F&B
MCH-4127,Toko Jaya 4126,Digital Goods
MCH-4128,Toko Maju 4127,Digital Goods
MCH-4129,Toko Makmur 4128,Digital Goods
MCH-4130,Toko Makmur 4129,F&B
MCH-4131,Toko Jaya 4130,Transportation
MCH-4132,Toko Lancar 4131,Retail
MCH-4133,Toko Jaya 4132,F&B
MCH-4134,Toko Lancar 4133,Retail
MCH-4135,Toko Maju 4134,Digital Goods
MCH-4136,Toko Jaya 4135,Retail
MCH-4137,Toko Lancar 4136,Retail
MCH-4138,Toko Maju 4137,F&B
MCH-4139,Toko Makmur 4138,F&B
MCH-4140,Toko Makmur 4139,Retail
MCH-4141,Toko Maju 4140,F&B
MCH-4142,Toko Jaya 4141,Retail
MCH-4143,Toko Maju 4142,Digital Goods
MCH-4144,Toko Lancar 4143,F&B
MCH-4145,Toko Lancar 4144,Retail
MCH-4146,Toko Maju 4145,F&B
MCH-4147,Toko Lancar 4146,F&B
MCH-4148,Toko Lancar 4147,F&B
MCH-4149,Toko Makmur 4148,Retail
MCH-4150,Toko Makmur 4149,Retail
MCH-4151,Toko Maju 4150,F&B
MCH-4152,Toko Makmur 4151,Transportation
MCH-4153,Toko Jaya 4152,nan
MCH-4154,Toko Maju 4153,Retail
MCH-4155,Toko Makmur 4154,nan
MCH-4156,Toko Jaya 4155,Digital Goods
MCH-4157,Toko Jaya 4156,Retail
MCH-4158,Toko Maju 4157,Digital Goods
MCH-4159,Toko Lancar 4158,Digital Goods
MCH-4160,Toko Lancar 4159,F&B
MCH-4161,Toko Makmur 4160,Digital Goods
MCH-4162,Toko Maju 4161,F&B
MCH-4163,Toko Lancar 4162,F&B
MCH-4164,Toko Jaya 4163,Digital Goods
MCH-4165,Toko Makmur 4164,F&B
MCH-4166,Toko Makmur 4165,F&B
MCH-4167,Toko Lancar 4166,F&B
MCH-4168,Toko Lancar 4167,Retail
MCH-4169,Toko Berkah 4168,F&B
MCH-4170,Toko Berkah 4169,nan
MCH-4171,Toko Makmur 4170,F&B
MCH-4172,Toko Makmur 4171,Transportation
MCH-4173,Toko Berkah 4172,Digital Goods
MCH-4174,Toko Jaya 4173,Retail
MCH-4175,Toko Makmur 4174,Retail
MCH-4176,Toko Lancar 4175,F&B
MCH-4177,Toko Maju 4176,F&B
MCH-4178,Toko Makmur 4177,Retail
MCH-4179,Toko Makmur 4178,Digital Goods
MCH-4180,Toko Makmur 4179,Digital Goods
MCH-4181,Toko Maju 4180,Digital Goods
MCH-4182,Toko Maju 4181,F&B
MCH-4183,Toko Lancar 4182,Retail
MCH-4184,Toko Makmur 4183,Transportation
MCH-4185,Toko Berkah 4184,Digital Goods
MCH-4186,Toko Maju 4185,F&B
MCH-4187,Toko Berkah 4186,Retail
MCH-4188,Toko Makmur 4187,Retail
MCH-4189,Toko Lancar 4188,Transportation
MCH-4190,Toko Lancar 4189,Retail
MCH-4191,Toko Lancar 4190,Digital Goods
MCH-4192,Toko Jaya 4191,F&B
MCH-4193,Toko Makmur 4192,Retail
MCH-4194,Toko Lancar 4193,Transportation
MCH-4195,Toko Maju 4194,nan
MCH-4196,Toko Jaya 4195,F&B
MCH-4197,Toko Berkah 4196,Digital Goods
MCH-4198,Toko Maju 4197,F&B
MCH-4199,Toko Maju 4198,Retail
MCH-4200,Toko Jaya 4199,Transportation
MCH-4201,Toko Makmur 4200,Transportation
MCH-4202,Toko Lancar 4201,nan
MCH-4203,Toko Lancar 4202,Retail
MCH-4204,Toko Makmur 4203,Retail
MCH-4205,Toko Lancar 4204,F&B
MCH-4206,Toko Lancar 4205,Transportation
MCH-4207,Toko Berkah 4206,nan
MCH-4208,Toko Makmur 4207,F&B
MCH-4209,Toko Lancar 4208,Retail
MCH-4210,Toko Maju 4209,F&B
MCH-4211,Toko Jaya 4210,F&B
MCH-4212,Toko Maju 4211,Transportation
MCH-4213,Toko Lancar 4212,Retail
MCH-4214,Toko Jaya 4213,Retail
MCH-4215,Toko Berkah 4214,F&B
MCH-4216,Toko Lancar 4215,Retail
MCH-4217,Toko Lancar 4216,Retail
MCH-4218,Toko Makmur 4217,Retail
MCH-4219,Toko Jaya 4218,Retail
MCH-4220,Toko Makmur 4219,Digital Goods
MCH-4221,Toko Maju 4220,Transportation
MCH-4222,Toko Makmur 4221,Retail
MCH-4223,Toko Maju 4222,nan
MCH-4224,Toko Maju 4223,Digital Goods
MCH-4225,Toko Lancar 4224,Digital Goods
MCH-4226,Toko Berkah 4225,F&B
MCH-4227,Toko Makmur 4226,Retail
MCH-4228,Toko Berkah 4227,Digital Goods
MCH-4229,Toko Makmur 4228,Digital Goods
MCH-4230,Toko Maju 4229,F&B
MCH-4231,Toko Maju 4230,Retail
MCH-4232,Toko Makmur 4231,Transportation
MCH-4233,Toko Lancar 4232,Transportation
MCH-4234,Toko Makmur 4233,F&B
MCH-4235,Toko Lancar 4234,Retail
MCH-4236,Toko Berkah 4235,Retail
MCH-4237,Toko Jaya 4236,F&B
MCH-4238,Toko Makmur 4237,F&B
MCH-4239,Toko Maju 4238,Digital Goods
MCH-4240,Toko Maju 4239,Retail
MCH-4241,Toko Jaya 4240,Transportation
MCH-4242,Toko Makmur 4241,F&B
MCH-4243,Toko Berkah 4242,F&B
MCH-4244,Toko Jaya 4243,F&B
MCH-4245,Toko Berkah 4244,F&B
MCH-4246,Toko Jaya 4245,nan
MCH-4247,Toko Maju 4246,Transportation
MCH-4248,Toko Jaya 4247,Digital Goods
MCH-4249,Toko Lancar 4248,F&B
MCH-4250,Toko Berkah 4249,F&B
MCH-4251,Toko Maju 4250,Digital Goods
MCH-4252,Toko Makmur 4251,Digital Goods
MCH-4253,Toko Makmur 4252,F&B
MCH-4254,Toko Maju 4253,Retail
MCH-4255,Toko Makmur 4254,F&B
MCH-4256,Toko Jaya 4255,F&B
MCH-4257,Toko Makmur 4256,Retail
MCH-4258,Toko Berkah 4257,F&B
MCH-4259,Toko Lancar 4258,Digital Goods
MCH-4260,Toko Lancar 4259,F&B
MCH-4261,Toko Berkah 4260,Transportation
MCH-4262,Toko Lancar 4261,Transportation
MCH-4263,Toko Maju 4262,nan
MCH-4264,Toko Maju 4263,F&B
MCH-4265,Toko Lancar 4264,Retail
MCH-4266,Toko Maju 4265,Retail
MCH-4267,Toko Makmur 4266,F&B
MCH-4268,Toko Maju 4267,Retail
MCH-4269,Toko Maju 4268,Digital Goods
MCH-4270,Toko Makmur 4269,F&B
MCH-4271,Toko Lancar 4270,Transportation
MCH-4272,Toko Lancar 4271,Digital Goods
MCH-4273,Toko Berkah 4272,F&B
MCH-4274,Toko Jaya 4273,F&B
MCH-4275,Toko Maju 4274,F&B
MCH-4276,Toko Lancar 4275,F&B
MCH-4277,Toko Makmur 4276,Retail
MCH-4278,Toko Maju 4277,Retail
MCH-4279,Toko Makmur 4278,nan
MCH-4280,Toko Berkah 4279,Transportation
MCH-4281,Toko Makmur 4280,Digital Goods
MCH-4282,Toko Makmur 4281,F&B
MCH-4283,Toko Makmur 4282,F&B
MCH-4284,Toko Maju 4283,F&B
MCH-4285,Toko Berkah 4284,F&B
MCH-4286,Toko Makmur 4285,Retail
MCH-4287,Toko Lancar 4286,F&B
MCH-4288,Toko Jaya 4287,Retail
MCH-4289,Toko Berkah 4288,F&B
MCH-4290,Toko Maju 4289,F&B
MCH-4291,Toko Berkah 4290,Retail
MCH-4292,Toko Maju 4291,Digital Goods
MCH-4293,Toko Lancar 4292,Transportation
MCH-4294,Toko Berkah 4293,Digital Goods
MCH-4295,Toko Lancar 4294,Retail
MCH-4296,Toko Berkah 4295,Digital Goods
MCH-4297,Toko Makmur 4296,Digital Goods
MCH-4298,Toko Makmur 4297,F&B
MCH-4299,Toko Berkah 4298,Retail
MCH-4300,Toko Jaya 4299,F&B
MCH-4301,Toko Maju 4300,Digital Goods
MCH-4302,Toko Maju 4301,Transportation
MCH-4303,Toko Berkah 4302,Retail
MCH-4304,Toko Jaya 4303,F&B
MCH-4305,Toko Makmur 4304,Transportation
MCH-4306,Toko Makmur 4305,Digital Goods
MCH-4307,Toko Berkah 4306,F&B
MCH-4308,Toko Jaya 4307,F&B
MCH-4309,Toko Maju 4308,Transportation
MCH-4310,Toko Makmur 4309,nan
MCH-4311,Toko Jaya 4310,Retail
MCH-4312,Toko Makmur 4311,F&B
MCH-4313,Toko Makmur 4312,Retail
MCH-4314,Toko Maju 4313,F&B
MCH-4315,Toko Berkah 4314,Transportation
MCH-4316,Toko Maju 4315,Digital Goods
MCH-4317,Toko Lancar 4316,Retail
MCH-4318,Toko Lancar 4317,Transportation
MCH-4319,Toko Jaya 4318,F&B
MCH-4320,Toko Makmur 4319,F&B
MCH-4321,Toko Jaya 4320,F&B
MCH-4322,Toko Jaya 4321,Digital Goods
MCH-4323,Toko Jaya 4322,F&B
MCH-4324,Toko Lancar 4323,Retail
MCH-4325,Toko Berkah 4324,F&B
MCH-4326,Toko Berkah 4325,Digital Goods
MCH-4327,Toko Lancar 4326,Retail
MCH-4328,Toko Maju 4327,Retail
MCH-4329,Toko Maju 4328,F&B
MCH-4330,Toko Maju 4329,nan
MCH-4331,Toko Berkah 4330,Digital Goods
MCH-4332,Toko Berkah 4331,Retail
MCH-4333,Toko Jaya 4332,Retail
MCH-4334,Toko Berkah 4333,Retail
MCH-4335,Toko Lancar 4334,Transportation
MCH-4336,Toko Lancar 4335,Retail
MCH-4337,Toko Maju 4336,Retail
MCH-4338,Toko Makmur 4337,Retail
MCH-4339,Toko Makmur 4338,F&B
MCH-4340,Toko Maju 4339,Retail
MCH-4341,Toko Jaya 4340,Digital Goods
MCH-4342,Toko Lancar 4341,F&B
MCH-4343,Toko Maju 4342,Digital Goods
MCH-4344,Toko Makmur 4343,Digital Goods
MCH-4345,Toko Maju 4344,Digital Goods
MCH-4346,Toko Makmur 4345,F&B
MCH-4347,Toko Jaya 4346,F&B
MCH-4348,Toko Berkah 4347,Transportation
MCH-4349,Toko Lancar 4348,nan
MCH-4350,Toko Jaya 4349,Retail
MCH-4351,Toko Jaya 4350,F&B
MCH-4352,Toko Maju 4351,F&B
MCH-4353,Toko Maju 4352,F&B
MCH-4354,Toko Makmur 4353,Transportation
MCH-4355,Toko Jaya 4354,nan
MCH-4356,Toko Berkah 4355,F&B
MCH-4357,Toko Makmur 4356,F&B
MCH-4358,Toko Jaya 4357,Digital Goods
MCH-4359,Toko Makmur 4358,Digital Goods
MCH-4360,Toko Maju 4359,Transportation
MCH-4361,Toko Maju 4360,Retail
MCH-4362,Toko Jaya 4361,Retail
MCH-4363,Toko Berkah 4362,Retail
MCH-4364,Toko Lancar 4363,F&B
MCH-4365,Toko Maju 4364,Retail
MCH-4366,Toko Lancar 4365,Retail
MCH-4367,Toko Jaya 4366,Retail
MCH-4368,Toko Makmur 4367,Retail
MCH-4369,Toko Jaya 4368,F&B
MCH-4370,Toko Jaya 4369,F&B
MCH-4371,Toko Lancar 4370,Digital Goods
MCH-4372,Toko Maju 4371,Transportation
MCH-4373,Toko Jaya 4372,Digital Goods
MCH-4374,Toko Jaya 4373,F&B
MCH-4375,Toko Jaya 4374,F&B
MCH-4376,Toko Berkah 4375,F&B
MCH-4377,Toko Makmur 4376,Retail
MCH-4378,Toko Berkah 4377,Retail
MCH-4379,Toko Berkah 4378,Retail
MCH-4380,Toko Berkah 4379,F&B
MCH-4381,Toko Lancar 4380,F&B
MCH-4382,Toko Maju 4381,Digital Goods
MCH-4383,Toko Jaya 4382,Transportation
MCH-4384,Toko Maju 4383,Retail
MCH-4385,Toko Makmur 4384,Retail
MCH-4386,Toko Jaya 4385,Retail
MCH-4387,Toko Berkah 4386,nan
MCH-4388,Toko Maju 4387,Transportation
MCH-4389,Toko Berkah 4388,Retail
MCH-4390,Toko Makmur 4389,F&B
MCH-4391,Toko Berkah 4390,Digital Goods
MCH-4392,Toko Jaya 4391,F&B
MCH-4393,Toko Lancar 4392,nan
MCH-4394,Toko Makmur 4393,nan
MCH-4395,Toko Lancar 4394,F&B
MCH-4396,Toko Jaya 4395,F&B
MCH-4397,Toko Berkah 4396,Digital Goods
MCH-4398,Toko Makmur 4397,Retail
MCH-4399,Toko Lancar 4398,F&B
MCH-4400,Toko Lancar 4399,F&B
MCH-4401,Toko Berkah 4400,Retail
MCH-4402,Toko Maju 4401,F&B
MCH-4403,Toko Maju 4402,F&B
MCH-4404,Toko Lancar 4403,nan
MCH-4405,Toko Jaya 4404,Retail
MCH-4406,Toko Berkah 4405,Retail
MCH-4407,Toko Lancar 4406,Retail
MCH-4408,Toko Maju 4407,F&B
MCH-4409,Toko Maju 4408,F&B
MCH-4410,Toko Makmur 4409,Transportation
MCH-4411,Toko Maju 4410,Digital Goods
MCH-4412,Toko Berkah 4411,Retail
MCH-4413,Toko Berkah 4412,F&B
MCH-4414,Toko Makmur 4413,F&B
MCH-4415,Toko Jaya 4414,Retail
MCH-4416,Toko Jaya 4415,Transportation
MCH-4417,Toko Lancar 4416,Retail
MCH-4418,Toko Lancar 4417,F&B
MCH-4419,Toko Maju 4418,Retail
MCH-4420,Toko Jaya 4419,F&B
MCH-4421,Toko Maju 4420,F&B
MCH-4422,Toko Maju 4421,Retail
MCH-4423,Toko Berkah 4422,F&B
MCH-4424,Toko Makmur 4423,F&B
MCH-4425,Toko Jaya 4424,nan
MCH-4426,Toko Jaya 4425,Retail
MCH-4427,Toko Makmur 4426,Retail
MCH-4428,Toko Maju 4427,F&B
MCH-4429,Toko Maju 4428,Retail
MCH-4430,Toko Maju 4429,Retail
MCH-4431,Toko Makmur 4430,F&B
MCH-4432,Toko Berkah 4431,F&B
MCH-4433,Toko Jaya 4432,F&B
MCH-4434,Toko Makmur 4433,F&B
MCH-4435,Toko Makmur 4434,Transportation
MCH-4436,Toko Berkah 4435,Retail
MCH-4437,Toko Lancar 4436,Retail
MCH-4438,Toko Berkah 4437,Retail
MCH-4439,Toko Maju 4438,F&B
MCH-4440,Toko Makmur 4439,Digital Goods
MCH-4441,Toko Maju 4440,F&B
MCH-4442,Toko Maju 4441,F&B
MCH-4443,Toko Makmur 4442,Transportation
MCH-4444,Toko Makmur 4443,F&B
MCH-4445,Toko Berkah 4444,F&B
MCH-4446,Toko Berkah 4445,Retail
MCH-4447,Toko Berkah 4446,Retail
MCH-4448,Toko Makmur 4447,F&B
MCH-4449,Toko Maju 4448,F&B
MCH-4450,Toko Makmur 4449,F&B
MCH-4451,Toko Maju 4450,Retail
MCH-4452,Toko Jaya 4451,nan
MCH-4453,Toko Jaya 4452,F&B
MCH-4454,Toko Makmur 4453,Retail
MCH-4455,Toko Jaya 4454,Retail
MCH-4456,Toko Jaya 4455,Digital Goods
MCH-4457,Toko Makmur 4456,F&B
MCH-4458,Toko Lancar 4457,F&B
MCH-4459,Toko Jaya 4458,F&B
MCH-4460,Toko Berkah 4459,Retail
MCH-4461,Toko Jaya 4460,Retail
MCH-4462,Toko Maju 4461,F&B
MCH-4463,Toko Jaya 4462,Retail
MCH-4464,Toko Maju 4463,Digital Goods
MCH-4465,Toko Maju 4464,F&B
MCH-4466,Toko Maju 4465,F&B
MCH-4467,Toko Maju 4466,nan
MCH-4468,Toko Maju 4467,F&B
MCH-4469,Toko Lancar 4468,Transportation
MCH-4470,Toko Berkah 4469,F&B
MCH-4471,Toko Berkah 4470,F&B
MCH-4472,Toko Berkah 4471,F&B
MCH-4473,Toko Berkah 4472,F&B
MCH-4474,Toko Berkah 4473,F&B
MCH-4475,Toko Berkah 4474,F&B
MCH-4476,Toko Lancar 4475,Retail
MCH-4477,Toko Lancar 4476,Retail
MCH-4478,Toko Berkah 4477,Digital Goods
MCH-4479,Toko Makmur 4478,Transportation
MCH-4480,Toko Jaya 4479,Retail
MCH-4481,Toko Jaya 4480,Digital Goods
MCH-4482,Toko Makmur 4481,Retail
MCH-4483,Toko Makmur 4482,Retail
MCH-4484,Toko Makmur 4483,Retail
MCH-4485,Toko Jaya 4484,Digital Goods
MCH-4486,Toko Berkah 4485,Retail
MCH-4487,Toko Berkah 4486,F&B
MCH-4488,Toko Makmur 4487,F&B
MCH-4489,Toko Lancar 4488,F&B
MCH-4490,Toko Jaya 4489,F&B
MCH-4491,Toko Maju 4490,Transportation
MCH-4492,Toko Berkah 4491,Retail
MCH-4493,Toko Maju 4492,Retail
MCH-4494,Toko Berkah 4493,F&B
MCH-4495,Toko Lancar 4494,F&B
MCH-4496,Toko Berkah 4495,F&B
MCH-4497,Toko Lancar 4496,Retail
MCH-4498,Toko Maju 4497,Retail
MCH-4499,Toko Maju 4498,F&B
MCH-4500,Toko Maju 4499,Digital Goods
MCH-4501,Toko Berkah 4500,F&B
MCH-4502,Toko Maju 4501,F&B
MCH-4503,Toko Makmur 4502,Retail
MCH-4504,Toko Berkah 4503,Transportation
MCH-4505,Toko Lancar 4504,Retail
MCH-4506,Toko Lancar 4505,F&B
MCH-4507,Toko Lancar 4506,F&B
MCH-4508,Toko Lancar 4507,F&B
MCH-4509,Toko Lancar 4508,Transportation
MCH-4510,Toko Jaya 4509,Digital Goods
MCH-4511,Toko Maju 4510,Transportation
MCH-4512,Toko Jaya 4511,Retail
MCH-4513,Toko Lancar 4512,Retail
MCH-4514,Toko Lancar 4513,nan
MCH-4515,Toko Jaya 4514,F&B
MCH-4516,Toko Lancar 4515,Digital Goods
MCH-4517,Toko Jaya 4516,Retail
MCH-4518,Toko Lancar 4517,F&B
MCH-4519,Toko Maju 4518,Retail
MCH-4520,Toko Maju 4519,F&B
MCH-4521,Toko Maju 4520,F&B
MCH-4522,Toko Lancar 4521,nan
MCH-4523,Toko Maju 4522,F&B
MCH-4524,Toko Maju 4523,Digital Goods
MCH-4525,Toko Berkah 4524,nan
MCH-4526,Toko Berkah 4525,Retail
MCH-4527,Toko Jaya 4526,F&B
MCH-4528,Toko Berkah 4527,Retail
MCH-4529,Toko Jaya 4528,F&B
MCH-4530,Toko Makmur 4529,Digital Goods
MCH-4531,Toko Makmur 4530,Transportation
MCH-4532,Toko Lancar 4531,Digital Goods
MCH-4533,Toko Makmur 4532,Retail
MCH-4534,Toko Jaya 4533,Transportation
MCH-4535,Toko Makmur 4534,Digital Goods
MCH-4536,Toko Jaya 4535,F&B
MCH-4537,Toko Berkah 4536,F&B
MCH-4538,Toko Maju 4537,Retail
MCH-4539,Toko Maju 4538,Transportation
MCH-4540,Toko Lancar 4539,F&B
MCH-4541,Toko Makmur 4540,Retail
MCH-4542,Toko Jaya 4541,Retail
MCH-4543,Toko Maju 4542,Retail
MCH-4544,Toko Lancar 4543,Retail
MCH-4545,Toko Berkah 4544,F&B
MCH-4546,Toko Lancar 4545,F&B
MCH-4547,Toko Berkah 4546,F&B
MCH-4548,Toko Maju 4547,Digital Goods
MCH-4549,Toko Berkah 4548,Retail
MCH-4550,Toko Lancar 4549,F&B
MCH-4551,Toko Maju 4550,F&B
MCH-4552,Toko Makmur 4551,F&B
MCH-4553,Toko Berkah 4552,F&B
MCH-4554,Toko Berkah 4553,F&B
MCH-4555,Toko Jaya 4554,Retail
MCH-4556,Toko Lancar 4555,F&B
MCH-4557,Toko Maju 4556,Retail
MCH-4558,Toko Berkah 4557,F&B
MCH-4559,Toko Maju 4558,Digital Goods
MCH-4560,Toko Makmur 4559,F&B
MCH-4561,Toko Berkah 4560,F&B
MCH-4562,Toko Jaya 4561,nan
MCH-4563,Toko Jaya 4562,Transportation
MCH-4564,Toko Jaya 4563,F&B
MCH-4565,Toko Makmur 4564,Transportation
MCH-4566,Toko Berkah 4565,nan
MCH-4567,Toko Berkah 4566,Retail
MCH-4568,Toko Lancar 4567,F&B
MCH-4569,Toko Jaya 4568,Retail
MCH-4570,Toko Jaya 4569,F&B
MCH-4571,Toko Makmur 4570,F&B
MCH-4572,Toko Makmur 4571,Retail
MCH-4573,Toko Lancar 4572,F&B
MCH-4574,Toko Jaya 4573,Digital Goods
MCH-4575,Toko Berkah 4574,Retail
MCH-4576,Toko Lancar 4575,F&B
MCH-4577,Toko Jaya 4576,Retail
MCH-4578,Toko Makmur 4577,nan
MCH-4579,Toko Berkah 4578,Retail
MCH-4580,Toko Makmur 4579,F&B
MCH-4581,Toko Jaya 4580,Retail
MCH-4582,Toko Lancar 4581,F&B
MCH-4583,Toko Lancar 4582,F&B
MCH-4584,Toko Lancar 4583,Digital Goods
MCH-4585,Toko Lancar 4584,Retail
MCH-4586,Toko Lancar 4585,Retail
MCH-4587,Toko Maju 4586,Retail
MCH-4588,Toko Lancar 4587,Retail
MCH-4589,Toko Lancar 4588,F&B
MCH-4590,Toko Lancar 4589,Retail
MCH-4591,Toko Lancar 4590,F&B
MCH-4592,Toko Jaya 4591,Retail
MCH-4593,Toko Berkah 4592,F&B
MCH-4594,Toko Jaya 4593,F&B
MCH-4595,Toko Berkah 4594,F&B
MCH-4596,Toko Lancar 4595,F&B
MCH-4597,Toko Lancar 4596,Retail
MCH-4598,Toko Berkah 4597,Transportation
MCH-4599,Toko Jaya 4598,Digital Goods
MCH-4600,Toko Lancar 4599,Transportation
MCH-4601,Toko Makmur 4600,Retail
MCH-4602,Toko Lancar 4601,F&B
MCH-4603,Toko Jaya 4602,Retail
MCH-4604,Toko Maju 4603,Retail
MCH-4605,Toko Maju 4604,F&B
MCH-4606,Toko Jaya 4605,Retail
MCH-4607,Toko Berkah 4606,Digital Goods
MCH-4608,Toko Makmur 4607,F&B
MCH-4609,Toko Jaya 4608,F&B
MCH-4610,Toko Makmur 4609,F&B
MCH-4611,Toko Lancar 4610,Digital Goods
MCH-4612,Toko Lancar 4611,F&B
MCH-4613,Toko Berkah 4612,Digital Goods
MCH-4614,Toko Berkah 4613,F&B
MCH-4615,Toko Maju 4614,F&B
MCH-4616,Toko Berkah 4615,F&B
MCH-4617,Toko Berkah 4616,F&B
MCH-4618,Toko Jaya 4617,F&B
MCH-4619,Toko Lancar 4618,F&B
MCH-4620,Toko Berkah 4619,F&B
MCH-4621,Toko Maju 4620,F&B
MCH-4622,Toko Lancar 4621,F&B
MCH-4623,Toko Maju 4622,Retail
MCH-4624,Toko Lancar 4623,Digital Goods
MCH-4625,Toko Maju 4624,F&B
MCH-4626,Toko Jaya 4625,Retail
MCH-4627,Toko Maju 4626,Retail
MCH-4628,Toko Jaya 4627,F&B
MCH-4629,Toko Makmur 4628,Retail
MCH-4630,Toko Makmur 4629,F&B
MCH-4631,Toko Makmur 4630,Retail
MCH-4632,Toko Jaya 4631,Retail
MCH-4633,Toko Berkah 4632,F&B
MCH-4634,Toko Berkah 4633,Retail
MCH-4635,Toko Lancar 4634,Transportation
MCH-4636,Toko Maju 4635,Transportation
MCH-4637,Toko Lancar 4636,Retail
MCH-4638,Toko Maju 4637,Digital Goods
MCH-4639,Toko Jaya 4638,Transportation
MCH-4640,Toko Maju 4639,F&B
MCH-4641,Toko Lancar 4640,F&B
MCH-4642,Toko Makmur 4641,Retail
MCH-4643,Toko Lancar 4642,Retail
MCH-4644,Toko Makmur 4643,Digital Goods
MCH-4645,Toko Jaya 4644,F&B
MCH-4646,Toko Maju 4645,Retail
MCH-4647,Toko Berkah 4646,F&B
MCH-4648,Toko Maju 4647,F&B
MCH-4649,Toko Makmur 4648,Retail
MCH-4650,Toko Jaya 4649,Retail
MCH-4651,Toko Lancar 4650,Transportation
MCH-4652,Toko Jaya 4651,Digital Goods
MCH-4653,Toko Jaya 4652,F&B
MCH-4654,Toko Berkah 4653,Retail
MCH-4655,Toko Jaya 4654,F&B
MCH-4656,Toko Berkah 4655,F&B
MCH-4657,Toko Berkah 4656,Retail
MCH-4658,Toko Makmur 4657,F&B
MCH-4659,Toko Makmur 4658,F&B
MCH-4660,Toko Berkah 4659,Digital Goods
MCH-4661,Toko Makmur 4660,Retail
MCH-4662,Toko Lancar 4661,F&B
MCH-4663,Toko Makmur 4662,Transportation
MCH-4664,Toko Lancar 4663,F&B
MCH-4665,Toko Lancar 4664,F&B
MCH-4666,Toko Berkah 4665,Retail
MCH-4667,Toko Lancar 4666,F&B
MCH-4668,Toko Makmur 4667,Digital Goods
MCH-4669,Toko Lancar 4668,Retail
MCH-4670,Toko Maju 4669,Transportation
MCH-4671,Toko Jaya 4670,F&B
MCH-4672,Toko Maju 4671,F&B
MCH-4673,Toko Jaya 4672,F&B
MCH-4674,Toko Maju 4673,F&B
MCH-4675,Toko Maju 4674,Digital Goods
MCH-4676,Toko Jaya 4675,F&B
MCH-4677,Toko Berkah 4676,Retail
MCH-4678,Toko Maju 4677,Retail
MCH-4679,Toko Berkah 4678,F&B
MCH-4680,Toko Jaya 4679,Retail
MCH-4681,Toko Jaya 4680,Retail
MCH-4682,Toko Berkah 4681,Retail
MCH-4683,Toko Maju 4682,Transportation
MCH-4684,Toko Lancar 4683,F&B
MCH-4685,Toko Lancar 4684,Digital Goods
MCH-4686,Toko Berkah 4685,F&B
MCH-4687,Toko Berkah 4686,Retail
MCH-4688,Toko Berkah 4687,Digital Goods
MCH-4689,Toko Maju 4688,Retail
MCH-4690,Toko Jaya 4689,F&B
MCH-4691,Toko Makmur 4690,Transportation
MCH-4692,Toko Jaya 4691,Retail
MCH-4693,Toko Makmur 4692,Retail
MCH-4694,Toko Maju 4693,F&B
MCH-4695,Toko Makmur 4694,Retail
MCH-4696,Toko Makmur 4695,Transportation
MCH-4697,Toko Lancar 4696,F&B
MCH-4698,Toko Makmur 4697,F&B
MCH-4699,Toko Maju 4698,Transportation
MCH-4700,Toko Makmur 4699,Digital Goods
MCH-4701,Toko Makmur 4700,Retail
MCH-4702,Toko Lancar 4701,Digital Goods
MCH-4703,Toko Makmur 4702,F&B
MCH-4704,Toko Maju 4703,Digital Goods
MCH-4705,Toko Makmur 4704,F&B
MCH-4706,Toko Lancar 4705,F&B
MCH-4707,Toko Maju 4706,Digital Goods
MCH-4708,Toko Lancar 4707,F&B
MCH-4709,Toko Jaya 4708,Retail
MCH-4710,Toko Jaya 4709,Digital Goods
MCH-4711,Toko Berkah 4710,F&B
MCH-4712,Toko Jaya 4711,Retail
MCH-4713,Toko Jaya 4712,F&B
MCH-4714,Toko Makmur 4713,Transportation
MCH-4715,Toko Lancar 4714,F&B
MCH-4716,Toko Maju 4715,Retail
MCH-4717,Toko Maju 4716,Digital Goods
MCH-4718,Toko Jaya 4717,Digital Goods
MCH-4719,Toko Jaya 4718,Retail
MCH-4720,Toko Makmur 4719,Transportation
MCH-4721,Toko Berkah 4720,Transportation
MCH-4722,Toko Jaya 4721,Retail
MCH-4723,Toko Maju 4722,Digital Goods
MCH-4724,Toko Berkah 4723,Retail
MCH-4725,Toko Makmur 4724,nan
MCH-4726,Toko Makmur 4725,F&B
MCH-4727,Toko Makmur 4726,F&B
MCH-4728,Toko Makmur 4727,F&B
MCH-4729,Toko Berkah 4728,Retail
MCH-4730,Toko Jaya 4729,Retail
MCH-4731,Toko Jaya 4730,F&B
MCH-4732,Toko Berkah 4731,F&B
MCH-4733,Toko Berkah 4732,Transportation
MCH-4734,Toko Makmur 4733,nan
MCH-4735,Toko Berkah 4734,Digital Goods
MCH-4736,Toko Lancar 4735,F&B
MCH-4737,Toko Jaya 4736,F&B
MCH-4738,Toko Makmur 4737,Retail
MCH-4739,Toko Makmur 4738,Retail
MCH-4740,Toko Makmur 4739,Retail
MCH-4741,Toko Lancar 4740,Retail
MCH-4742,Toko Lancar 4741,F&B
MCH-4743,Toko Jaya 4742,Retail
MCH-4744,Toko Lancar 4743,Retail
MCH-4745,Toko Jaya 4744,Retail
MCH-4746,Toko Maju 4745,F&B
MCH-4747,Toko Berkah 4746,Digital Goods
MCH-4748,Toko Berkah 4747,Retail
MCH-4749,Toko Jaya 4748,Retail
MCH-4750,Toko Jaya 4749,F&B
MCH-4751,Toko Maju 4750,Transportation
MCH-4752,Toko Maju 4751,Transportation
MCH-4753,Toko Jaya 4752,F&B
MCH-4754,Toko Maju 4753,F&B
MCH-4755,Toko Jaya 4754,Retail
MCH-4756,Toko Lancar 4755,F&B
MCH-4757,Toko Lancar 4756,Retail
MCH-4758,Toko Makmur 4757,Transportation
MCH-4759,Toko Jaya 4758,F&B
MCH-4760,Toko Jaya 4759,F&B
MCH-4761,Toko Maju 4760,F&B
MCH-4762,Toko Makmur 4761,Retail
MCH-4763,Toko Berkah 4762,F&B
MCH-4764,Toko Makmur 4763,Retail
MCH-4765,Toko Lancar 4764,Retail
MCH-4766,Toko Makmur 4765,Retail
MCH-4767,Toko Maju 4766,Transportation
MCH-4768,Toko Maju 4767,Retail
MCH-4769,Toko Jaya 4768,F&B
MCH-4770,Toko Maju 4769,Retail
MCH-4771,Toko Makmur 4770,F&B
MCH-4772,Toko Lancar 4771,F&B
MCH-4773,Toko Maju 4772,F&B
MCH-4774,Toko Maju 4773,Transportation
MCH-4775,Toko Maju 4774,Digital Goods
MCH-4776,Toko Lancar 4775,Retail
MCH-4777,Toko Lancar 4776,Digital Goods
MCH-4778,Toko Jaya 4777,F&B
MCH-4779,Toko Lancar 4778,F&B
MCH-4780,Toko Berkah 4779,Digital Goods
MCH-4781,Toko Berkah 4780,F&B
MCH-4782,Toko Jaya 4781,F&B
MCH-4783,Toko Makmur 4782,Retail
MCH-4784,Toko Maju 4783,F&B
MCH-4785,Toko Maju 4784,nan
MCH-4786,Toko Lancar 4785,Retail
MCH-4787,Toko Lancar 4786,F&B
MCH-4788,Toko Berkah 4787,F&B
MCH-4789,Toko Berkah 4788,Transportation
MCH-4790,Toko Makmur 4789,nan
MCH-4791,Toko Berkah 4790,Retail
MCH-4792,Toko Maju 4791,F&B
MCH-4793,Toko Maju 4792,F&B
MCH-4794,Toko Lancar 4793,Retail
MCH-4795,Toko Berkah 4794,Retail
MCH-4796,Toko Makmur 4795,nan
MCH-4797,Toko Berkah 4796,Retail
MCH-4798,Toko Maju 4797,Retail
MCH-4799,Toko Makmur 4798,F&B
MCH-4800,Toko Jaya 4799,F&B
MCH-4801,Toko Berkah 4800,Retail
MCH-4802,Toko Jaya 4801,F&B
MCH-4803,Toko Maju 4802,F&B
MCH-4804,Toko Berkah 4803,Retail
MCH-4805,Toko Jaya 4804,F&B
MCH-4806,Toko Lancar 4805,Digital Goods
MCH-4807,Toko Maju 4806,F&B
MCH-4808,Toko Lancar 4807,F&B
MCH-4809,Toko Maju 4808,Retail
MCH-4810,Toko Makmur 4809,nan
MCH-4811,Toko Makmur 4810,Digital Goods
MCH-4812,Toko Maju 4811,Retail
MCH-4813,Toko Jaya 4812,nan
MCH-4814,Toko Berkah 4813,F&B
MCH-4815,Toko Berkah 4814,Retail
MCH-4816,Toko Berkah 4815,F&B
MCH-4817,Toko Jaya 4816,F&B
MCH-4818,Toko Lancar 4817,Retail
MCH-4819,Toko Makmur 4818,Digital Goods
MCH-4820,Toko Lancar 4819,F&B
MCH-4821,Toko Jaya 4820,nan
MCH-4822,Toko Maju 4821,Digital Goods
MCH-4823,Toko Jaya 4822,Digital Goods
MCH-4824,Toko Lancar 4823,Transportation
MCH-4825,Toko Jaya 4824,Digital Goods
MCH-4826,Toko Berkah 4825,Retail
MCH-4827,Toko Berkah 4826,Digital Goods
MCH-4828,Toko Maju 4827,Transportation
MCH-4829,Toko Jaya 4828,Retail
MCH-4830,Toko Maju 4829,Retail
MCH-4831,Toko Maju 4830,Retail
MCH-4832,Toko Berkah 4831,F&B
MCH-4833,Toko Berkah 4832,Retail
MCH-4834,Toko Makmur 4833,Retail
MCH-4835,Toko Jaya 4834,Retail
MCH-4836,Toko Makmur 4835,nan
MCH-4837,Toko Makmur 4836,Digital Goods
MCH-4838,Toko Jaya 4837,Retail
MCH-4839,Toko Maju 4838,Retail
MCH-4840,Toko Berkah 4839,F&B
MCH-4841,Toko Maju 4840,Retail
MCH-4842,Toko Maju 4841,F&B
MCH-4843,Toko Makmur 4842,Transportation
MCH-4844,Toko Jaya 4843,Retail
MCH-4845,Toko Jaya 4844,Transportation
MCH-4846,Toko Lancar 4845,F&B
MCH-4847,Toko Lancar 4846,Retail
MCH-4848,Toko Berkah 4847,Retail
MCH-4849,Toko Berkah 4848,Transportation
MCH-4850,Toko Makmur 4849,Retail
MCH-4851,Toko Berkah 4850,Retail
MCH-4852,Toko Berkah 4851,nan
MCH-4853,Toko Lancar 4852,nan
MCH-4854,Toko Lancar 4853,F&B
MCH-4855,Toko Berkah 4854,F&B
MCH-4856,Toko Jaya 4855,Digital Goods
MCH-4857,Toko Makmur 4856,Retail
MCH-4858,Toko Jaya 4857,F&B
MCH-4859,Toko Makmur 4858,Digital Goods
MCH-4860,Toko Makmur 4859,Retail
MCH-4861,Toko Maju 4860,Digital Goods
MCH-4862,Toko Berkah 4861,Retail
MCH-4863,Toko Makmur 4862,F&B
MCH-4864,Toko Maju 4863,Retail
MCH-4865,Toko Jaya 4864,F&B
MCH-4866,Toko Berkah 4865,Digital Goods
MCH-4867,Toko Maju 4866,F&B
MCH-4868,Toko Maju 4867,F&B
MCH-4869,Toko Lancar 4868,Retail
MCH-4870,Toko Jaya 4869,Retail
MCH-4871,Toko Berkah 4870,nan
MCH-4872,Toko Lancar 4871,Digital Goods
MCH-4873,Toko Makmur 4872,F&B
MCH-4874,Toko Jaya 4873,F&B
MCH-4875,Toko Lancar 4874,F&B
MCH-4876,Toko Jaya 4875,F&B
MCH-4877,Toko Berkah 4876,Retail
MCH-4878,Toko Lancar 4877,Retail
MCH-4879,Toko Berkah 4878,F&B
MCH-4880,Toko Jaya 4879,F&B
MCH-4881,Toko Lancar 4880,F&B
MCH-4882,Toko Maju 4881,Digital Goods
MCH-4883,Toko Makmur 4882,Retail
MCH-4884,Toko Maju 4883,F&B
MCH-4885,Toko Maju 4884,Retail
MCH-4886,Toko Berkah 4885,Retail
MCH-4887,Toko Lancar 4886,F&B
MCH-4888,Toko Maju 4887,Transportation
MCH-4889,Toko Maju 4888,Digital Goods
MCH-4890,Toko Makmur 4889,Retail
MCH-4891,Toko Maju 4890,F&B
MCH-4892,Toko Makmur 4891,F&B
MCH-4893,Toko Jaya 4892,F&B
MCH-4894,Toko Berkah 4893,Retail
MCH-4895,Toko Berkah 4894,Retail
MCH-4896,Toko Makmur 4895,Retail
MCH-4897,Toko Makmur 4896,Retail
MCH-4898,Toko Berkah 4897,F&B
MCH-4899,Toko Maju 4898,Retail
MCH-4900,Toko Maju 4899,Retail
MCH-4901,Toko Jaya 4900,Retail
MCH-4902,Toko Jaya 4901,F&B
MCH-4903,Toko Lancar 4902,F&B
MCH-4904,Toko Maju 4903,Retail
MCH-4905,Toko Berkah 4904,F&B
MCH-4906,Toko Maju 4905,Retail
MCH-4907,Toko Lancar 4906,F&B
MCH-4908,Toko Makmur 4907,Retail
MCH-4909,Toko Jaya 4908,F&B
MCH-4910,Toko Jaya 4909,F&B
MCH-4911,Toko Makmur 4910,F&B
MCH-4912,Toko Jaya 4911,F&B
MCH-4913,Toko Jaya 4912,F&B
MCH-4914,Toko Makmur 4913,nan
MCH-4915,Toko Jaya 4914,Transportation
MCH-4916,Toko Berkah 4915,F&B
MCH-4917,Toko Maju 4916,Retail
MCH-4918,Toko Lancar 4917,F&B
MCH-4919,Toko Jaya 4918,F&B
MCH-4920,Toko Maju 4919,F&B
MCH-4921,Toko Maju 4920,F&B
MCH-4922,Toko Lancar 4921,Retail
MCH-4923,Toko Lancar 4922,nan
MCH-4924,Toko Lancar 4923,F&B
MCH-4925,Toko Maju 4924,Retail
MCH-4926,Toko Berkah 4925,F&B
MCH-4927,Toko Lancar 4926,Digital Goods
MCH-4928,Toko Lancar 4927,Retail
MCH-4929,Toko Maju 4928,Retail
MCH-4930,Toko Berkah 4929,Retail
MCH-4931,Toko Makmur 4930,Retail
MCH-4932,Toko Lancar 4931,Digital Goods
MCH-4933,Toko Maju 4932,Digital Goods
MCH-4934,Toko Maju 4933,Retail
MCH-4935,Toko Makmur 4934,Digital Goods
MCH-4936,Toko Berkah 4935,F&B
MCH-4937,Toko Jaya 4936,F&B
MCH-4938,Toko Makmur 4937,F&B
MCH-4939,Toko Berkah 4938,F&B
MCH-4940,Toko Makmur 4939,F&B
MCH-4941,Toko Maju 4940,F&B
MCH-4942,Toko Jaya 4941,Retail
MCH-4943,Toko Lancar 4942,Retail
MCH-4944,Toko Lancar 4943,F&B
MCH-4945,Toko Jaya 4944,F&B
MCH-4946,Toko Lancar 4945,F&B
MCH-4947,Toko Makmur 4946,F&B
MCH-4948,Toko Lancar 4947,Retail
MCH-4949,Toko Jaya 4948,F&B
MCH-4950,Toko Maju 4949,F&B
MCH-4951,Toko Jaya 4950,F&B
MCH-4952,Toko Makmur 4951,nan
MCH-4953,Toko Jaya 4952,Retail
MCH-4954,Toko Berkah 4953,F&B
MCH-4955,Toko Maju 4954,nan
MCH-4956,Toko Lancar 4955,Digital Goods
MCH-4957,Toko Maju 4956,nan
MCH-4958,Toko Makmur 4957,F&B
MCH-4959,Toko Makmur 4958,F&B
MCH-4960,Toko Berkah 4959,Retail
MCH-4961,Toko Maju 4960,Retail
MCH-4962,Toko Maju 4961,F&B
MCH-4963,Toko Berkah 4962,Retail
MCH-4964,Toko Jaya 4963,F&B
MCH-4965,Toko Berkah 4964,Retail
MCH-4966,Toko Makmur 4965,Digital Goods
MCH-4967,Toko Lancar 4966,F&B
MCH-4968,Toko Maju 4967,F&B
MCH-4969,Toko Makmur 4968,F&B
MCH-4970,Toko Jaya 4969,Retail
MCH-4971,Toko Jaya 4970,F&B
MCH-4972,Toko Makmur 4971,F&B
MCH-4973,Toko Lancar 4972,Transportation
MCH-4974,Toko Jaya 4973,F&B
MCH-4975,Toko Lancar 4974,Transportation
MCH-4976,Toko Berkah 4975,Transportation
MCH-4977,Toko Lancar 4976,F&B
MCH-4978,Toko Lancar 4977,Transportation
MCH-4979,Toko Jaya 4978,F&B
MCH-4980,Toko Jaya 4979,nan
MCH-4981,Toko Maju 4980,F&B
MCH-4982,Toko Lancar 4981,Retail
MCH-4983,Toko Maju 4982,Retail
MCH-4984,Toko Maju 4983,Digital Goods
MCH-4985,Toko Lancar 4984,F&B
MCH-4986,Toko Makmur 4985,Retail
MCH-4987,Toko Jaya 4986,F&B
MCH-4988,Toko Maju 4987,Retail
MCH-4989,Toko Lancar 4988,F&B
MCH-4990,Toko Berkah 4989,F&B
MCH-4991,Toko Makmur 4990,Retail
MCH-4992,Toko Makmur 4991,nan
MCH-4993,Toko Berkah 4992,F&B
MCH-4994,Toko Makmur 4993,F&B
MCH-4995,Toko Berkah 4994,F&B
MCH-4996,Toko Lancar 4995,F&B
MCH-4997,Toko Lancar 4996,F&B
MCH-4998,Toko Berkah 4997,Retail
MCH-4999,Toko Maju 4998,Retail
MCH-5000,Toko Jaya 4999,Transportation
